# Burst: waves of 8, 16, 24 and 32 traders, three minutes apart.
# Run from sim/: pnpm sim simulate-trade-session ../scenarios/burst-8-16-24-32.csv --sol-funding-per-trader 0.038 --max-total-sol 1.216 --max-creation-sol 0.35 --report
trader,time,type,amount,token,other_token,mode,note
1,0,sell,0.0025,SOL,USDC,sponsored,burst 8 traders
2,0,sell,0.0025,SOL,USDC,sponsored,burst 8 traders
3,0,sell,0.0025,SOL,USDC,sponsored,burst 8 traders
4,0,sell,0.0025,SOL,USDC,sponsored,burst 8 traders
5,0,sell,0.0025,SOL,USDC,sponsored,burst 8 traders
6,0,sell,0.0025,SOL,USDC,sponsored,burst 8 traders
7,0,sell,0.0025,SOL,USDC,sponsored,burst 8 traders
8,0,sell,0.0025,SOL,USDC,sponsored,burst 8 traders
1,180,sell,0.0025,SOL,USDC,sponsored,burst 16 traders
2,180,sell,0.0025,SOL,USDC,sponsored,burst 16 traders
3,180,sell,0.0025,SOL,USDC,sponsored,burst 16 traders
4,180,sell,0.0025,SOL,USDC,sponsored,burst 16 traders
5,180,sell,0.0025,SOL,USDC,sponsored,burst 16 traders
6,180,sell,0.0025,SOL,USDC,sponsored,burst 16 traders
7,180,sell,0.0025,SOL,USDC,sponsored,burst 16 traders
8,180,sell,0.0025,SOL,USDC,sponsored,burst 16 traders
9,180,sell,0.0025,SOL,USDC,sponsored,burst 16 traders
10,180,sell,0.0025,SOL,USDC,sponsored,burst 16 traders
11,180,sell,0.0025,SOL,USDC,sponsored,burst 16 traders
12,180,sell,0.0025,SOL,USDC,sponsored,burst 16 traders
13,180,sell,0.0025,SOL,USDC,sponsored,burst 16 traders
14,180,sell,0.0025,SOL,USDC,sponsored,burst 16 traders
15,180,sell,0.0025,SOL,USDC,sponsored,burst 16 traders
16,180,sell,0.0025,SOL,USDC,sponsored,burst 16 traders
1,360,sell,0.0025,SOL,USDC,sponsored,burst 24 traders
2,360,sell,0.0025,SOL,USDC,sponsored,burst 24 traders
3,360,sell,0.0025,SOL,USDC,sponsored,burst 24 traders
4,360,sell,0.0025,SOL,USDC,sponsored,burst 24 traders
5,360,sell,0.0025,SOL,USDC,sponsored,burst 24 traders
6,360,sell,0.0025,SOL,USDC,sponsored,burst 24 traders
7,360,sell,0.0025,SOL,USDC,sponsored,burst 24 traders
8,360,sell,0.0025,SOL,USDC,sponsored,burst 24 traders
9,360,sell,0.0025,SOL,USDC,sponsored,burst 24 traders
10,360,sell,0.0025,SOL,USDC,sponsored,burst 24 traders
11,360,sell,0.0025,SOL,USDC,sponsored,burst 24 traders
12,360,sell,0.0025,SOL,USDC,sponsored,burst 24 traders
13,360,sell,0.0025,SOL,USDC,sponsored,burst 24 traders
14,360,sell,0.0025,SOL,USDC,sponsored,burst 24 traders
15,360,sell,0.0025,SOL,USDC,sponsored,burst 24 traders
16,360,sell,0.0025,SOL,USDC,sponsored,burst 24 traders
17,360,sell,0.0025,SOL,USDC,sponsored,burst 24 traders
18,360,sell,0.0025,SOL,USDC,sponsored,burst 24 traders
19,360,sell,0.0025,SOL,USDC,sponsored,burst 24 traders
20,360,sell,0.0025,SOL,USDC,sponsored,burst 24 traders
21,360,sell,0.0025,SOL,USDC,sponsored,burst 24 traders
22,360,sell,0.0025,SOL,USDC,sponsored,burst 24 traders
23,360,sell,0.0025,SOL,USDC,sponsored,burst 24 traders
24,360,sell,0.0025,SOL,USDC,sponsored,burst 24 traders
1,540,sell,0.0025,SOL,USDC,sponsored,burst 32 traders
2,540,sell,0.0025,SOL,USDC,sponsored,burst 32 traders
3,540,sell,0.0025,SOL,USDC,sponsored,burst 32 traders
4,540,sell,0.0025,SOL,USDC,sponsored,burst 32 traders
5,540,sell,0.0025,SOL,USDC,sponsored,burst 32 traders
6,540,sell,0.0025,SOL,USDC,sponsored,burst 32 traders
7,540,sell,0.0025,SOL,USDC,sponsored,burst 32 traders
8,540,sell,0.0025,SOL,USDC,sponsored,burst 32 traders
9,540,sell,0.0025,SOL,USDC,sponsored,burst 32 traders
10,540,sell,0.0025,SOL,USDC,sponsored,burst 32 traders
11,540,sell,0.0025,SOL,USDC,sponsored,burst 32 traders
12,540,sell,0.0025,SOL,USDC,sponsored,burst 32 traders
13,540,sell,0.0025,SOL,USDC,sponsored,burst 32 traders
14,540,sell,0.0025,SOL,USDC,sponsored,burst 32 traders
15,540,sell,0.0025,SOL,USDC,sponsored,burst 32 traders
16,540,sell,0.0025,SOL,USDC,sponsored,burst 32 traders
17,540,sell,0.0025,SOL,USDC,sponsored,burst 32 traders
18,540,sell,0.0025,SOL,USDC,sponsored,burst 32 traders
19,540,sell,0.0025,SOL,USDC,sponsored,burst 32 traders
20,540,sell,0.0025,SOL,USDC,sponsored,burst 32 traders
21,540,sell,0.0025,SOL,USDC,sponsored,burst 32 traders
22,540,sell,0.0025,SOL,USDC,sponsored,burst 32 traders
23,540,sell,0.0025,SOL,USDC,sponsored,burst 32 traders
24,540,sell,0.0025,SOL,USDC,sponsored,burst 32 traders
25,540,sell,0.0025,SOL,USDC,sponsored,burst 32 traders
26,540,sell,0.0025,SOL,USDC,sponsored,burst 32 traders
27,540,sell,0.0025,SOL,USDC,sponsored,burst 32 traders
28,540,sell,0.0025,SOL,USDC,sponsored,burst 32 traders
29,540,sell,0.0025,SOL,USDC,sponsored,burst 32 traders
30,540,sell,0.0025,SOL,USDC,sponsored,burst 32 traders
31,540,sell,0.0025,SOL,USDC,sponsored,burst 32 traders
32,540,sell,0.0025,SOL,USDC,sponsored,burst 32 traders
