# Set up accounts first. At 3 minutes, compare 20 sponsored trades with 20 self-paid trades.
# 40 traders, 80 orders including setup. Fund 0.04 SOL each: 1.60 SOL total.
# Run from sim/: pnpm sim simulate-trade-session ../scenarios/fees-sponsored-vs-self.csv --sol-funding-per-trader 0.04 --max-total-sol 1.9 --report
trader,time,type,amount,token,other_token,mode,note
1,0,sell,0.0025,SOL,USDC,self,setup identical token accounts
2,0,sell,0.0025,SOL,USDC,self,setup identical token accounts
3,0,sell,0.0025,SOL,USDC,self,setup identical token accounts
4,0,sell,0.0025,SOL,USDC,self,setup identical token accounts
5,0,sell,0.0025,SOL,USDC,self,setup identical token accounts
6,0,sell,0.0025,SOL,USDC,self,setup identical token accounts
7,0,sell,0.0025,SOL,USDC,self,setup identical token accounts
8,0,sell,0.0025,SOL,USDC,self,setup identical token accounts
9,0,sell,0.0025,SOL,USDC,self,setup identical token accounts
10,0,sell,0.0025,SOL,USDC,self,setup identical token accounts
11,0,sell,0.0025,SOL,USDC,self,setup identical token accounts
12,0,sell,0.0025,SOL,USDC,self,setup identical token accounts
13,0,sell,0.0025,SOL,USDC,self,setup identical token accounts
14,0,sell,0.0025,SOL,USDC,self,setup identical token accounts
15,0,sell,0.0025,SOL,USDC,self,setup identical token accounts
16,0,sell,0.0025,SOL,USDC,self,setup identical token accounts
17,0,sell,0.0025,SOL,USDC,self,setup identical token accounts
18,0,sell,0.0025,SOL,USDC,self,setup identical token accounts
19,0,sell,0.0025,SOL,USDC,self,setup identical token accounts
20,0,sell,0.0025,SOL,USDC,self,setup identical token accounts
21,0,sell,0.0025,SOL,USDC,self,setup identical token accounts
22,0,sell,0.0025,SOL,USDC,self,setup identical token accounts
23,0,sell,0.0025,SOL,USDC,self,setup identical token accounts
24,0,sell,0.0025,SOL,USDC,self,setup identical token accounts
25,0,sell,0.0025,SOL,USDC,self,setup identical token accounts
26,0,sell,0.0025,SOL,USDC,self,setup identical token accounts
27,0,sell,0.0025,SOL,USDC,self,setup identical token accounts
28,0,sell,0.0025,SOL,USDC,self,setup identical token accounts
29,0,sell,0.0025,SOL,USDC,self,setup identical token accounts
30,0,sell,0.0025,SOL,USDC,self,setup identical token accounts
31,0,sell,0.0025,SOL,USDC,self,setup identical token accounts
32,0,sell,0.0025,SOL,USDC,self,setup identical token accounts
33,0,sell,0.0025,SOL,USDC,self,setup identical token accounts
34,0,sell,0.0025,SOL,USDC,self,setup identical token accounts
35,0,sell,0.0025,SOL,USDC,self,setup identical token accounts
36,0,sell,0.0025,SOL,USDC,self,setup identical token accounts
37,0,sell,0.0025,SOL,USDC,self,setup identical token accounts
38,0,sell,0.0025,SOL,USDC,self,setup identical token accounts
39,0,sell,0.0025,SOL,USDC,self,setup identical token accounts
40,0,sell,0.0025,SOL,USDC,self,setup identical token accounts
1,180,sell,0.0025,SOL,USDC,sponsored,comparison sponsored
2,180,sell,0.0025,SOL,USDC,self,comparison self-paid
3,180,sell,0.0025,SOL,USDC,sponsored,comparison sponsored
4,180,sell,0.0025,SOL,USDC,self,comparison self-paid
5,180,sell,0.0025,SOL,USDC,sponsored,comparison sponsored
6,180,sell,0.0025,SOL,USDC,self,comparison self-paid
7,180,sell,0.0025,SOL,USDC,sponsored,comparison sponsored
8,180,sell,0.0025,SOL,USDC,self,comparison self-paid
9,180,sell,0.0025,SOL,USDC,sponsored,comparison sponsored
10,180,sell,0.0025,SOL,USDC,self,comparison self-paid
11,180,sell,0.0025,SOL,USDC,sponsored,comparison sponsored
12,180,sell,0.0025,SOL,USDC,self,comparison self-paid
13,180,sell,0.0025,SOL,USDC,sponsored,comparison sponsored
14,180,sell,0.0025,SOL,USDC,self,comparison self-paid
15,180,sell,0.0025,SOL,USDC,sponsored,comparison sponsored
16,180,sell,0.0025,SOL,USDC,self,comparison self-paid
17,180,sell,0.0025,SOL,USDC,sponsored,comparison sponsored
18,180,sell,0.0025,SOL,USDC,self,comparison self-paid
19,180,sell,0.0025,SOL,USDC,sponsored,comparison sponsored
20,180,sell,0.0025,SOL,USDC,self,comparison self-paid
21,180,sell,0.0025,SOL,USDC,sponsored,comparison sponsored
22,180,sell,0.0025,SOL,USDC,self,comparison self-paid
23,180,sell,0.0025,SOL,USDC,sponsored,comparison sponsored
24,180,sell,0.0025,SOL,USDC,self,comparison self-paid
25,180,sell,0.0025,SOL,USDC,sponsored,comparison sponsored
26,180,sell,0.0025,SOL,USDC,self,comparison self-paid
27,180,sell,0.0025,SOL,USDC,sponsored,comparison sponsored
28,180,sell,0.0025,SOL,USDC,self,comparison self-paid
29,180,sell,0.0025,SOL,USDC,sponsored,comparison sponsored
30,180,sell,0.0025,SOL,USDC,self,comparison self-paid
31,180,sell,0.0025,SOL,USDC,sponsored,comparison sponsored
32,180,sell,0.0025,SOL,USDC,self,comparison self-paid
33,180,sell,0.0025,SOL,USDC,sponsored,comparison sponsored
34,180,sell,0.0025,SOL,USDC,self,comparison self-paid
35,180,sell,0.0025,SOL,USDC,sponsored,comparison sponsored
36,180,sell,0.0025,SOL,USDC,self,comparison self-paid
37,180,sell,0.0025,SOL,USDC,sponsored,comparison sponsored
38,180,sell,0.0025,SOL,USDC,self,comparison self-paid
39,180,sell,0.0025,SOL,USDC,sponsored,comparison sponsored
40,180,sell,0.0025,SOL,USDC,self,comparison self-paid
