# Prepare USDC for 5 buyers, then one wave of 5 SOL sellers and 5 wSOL buyers.
# Run from sim/: pnpm sim simulate-trade-session ../scenarios/opposing-sol-usdc.csv --sol-funding-per-trader 0.06 --max-total-sol 0.6 --max-creation-sol 0.2 --report
trader,time,type,amount,token,other_token,mode,note
2,0,sell,0.01,SOL,USDC,sponsored,prepare USDC for buyer
4,0,sell,0.01,SOL,USDC,sponsored,prepare USDC for buyer
6,0,sell,0.01,SOL,USDC,sponsored,prepare USDC for buyer
8,0,sell,0.01,SOL,USDC,sponsored,prepare USDC for buyer
10,0,sell,0.01,SOL,USDC,sponsored,prepare USDC for buyer
1,180,sell,0.0025,SOL,USDC,sponsored,sell SOL for USDC
2,180,buy,0.0025,wSOL,USDC,sponsored,buy wSOL with USDC
3,180,sell,0.0025,SOL,USDC,sponsored,sell SOL for USDC
4,180,buy,0.0025,wSOL,USDC,sponsored,buy wSOL with USDC
5,180,sell,0.0025,SOL,USDC,sponsored,sell SOL for USDC
6,180,buy,0.0025,wSOL,USDC,sponsored,buy wSOL with USDC
7,180,sell,0.0025,SOL,USDC,sponsored,sell SOL for USDC
8,180,buy,0.0025,wSOL,USDC,sponsored,buy wSOL with USDC
9,180,sell,0.0025,SOL,USDC,sponsored,sell SOL for USDC
10,180,buy,0.0025,wSOL,USDC,sponsored,buy wSOL with USDC
