# 25 traders sell once a minute for 10 minutes, then trade again at minute 12 to check recovery.
# 25 traders, 275 orders. Fund 0.07 SOL each: 1.75 SOL total.
# Slow fills can delay the next trade and shorten the pause.
# Run from sim/: pnpm sim simulate-trade-session ../scenarios/sustained-25x10.csv --sol-funding-per-trader 0.07 --max-total-sol 1.9 --report
trader,time,type,amount,token,other_token,mode,note
1,0,sell,0.0025,SOL,USDC,sponsored,load wave 1
2,0,sell,0.0025,SOL,USDC,sponsored,load wave 1
3,0,sell,0.0025,SOL,USDC,sponsored,load wave 1
4,0,sell,0.0025,SOL,USDC,sponsored,load wave 1
5,0,sell,0.0025,SOL,USDC,sponsored,load wave 1
6,0,sell,0.0025,SOL,USDC,sponsored,load wave 1
7,0,sell,0.0025,SOL,USDC,sponsored,load wave 1
8,0,sell,0.0025,SOL,USDC,sponsored,load wave 1
9,0,sell,0.0025,SOL,USDC,sponsored,load wave 1
10,0,sell,0.0025,SOL,USDC,sponsored,load wave 1
11,0,sell,0.0025,SOL,USDC,sponsored,load wave 1
12,0,sell,0.0025,SOL,USDC,sponsored,load wave 1
13,0,sell,0.0025,SOL,USDC,sponsored,load wave 1
14,0,sell,0.0025,SOL,USDC,sponsored,load wave 1
15,0,sell,0.0025,SOL,USDC,sponsored,load wave 1
16,0,sell,0.0025,SOL,USDC,sponsored,load wave 1
17,0,sell,0.0025,SOL,USDC,sponsored,load wave 1
18,0,sell,0.0025,SOL,USDC,sponsored,load wave 1
19,0,sell,0.0025,SOL,USDC,sponsored,load wave 1
20,0,sell,0.0025,SOL,USDC,sponsored,load wave 1
21,0,sell,0.0025,SOL,USDC,sponsored,load wave 1
22,0,sell,0.0025,SOL,USDC,sponsored,load wave 1
23,0,sell,0.0025,SOL,USDC,sponsored,load wave 1
24,0,sell,0.0025,SOL,USDC,sponsored,load wave 1
25,0,sell,0.0025,SOL,USDC,sponsored,load wave 1
1,60,sell,0.0025,SOL,USDC,sponsored,load wave 2
2,60,sell,0.0025,SOL,USDC,sponsored,load wave 2
3,60,sell,0.0025,SOL,USDC,sponsored,load wave 2
4,60,sell,0.0025,SOL,USDC,sponsored,load wave 2
5,60,sell,0.0025,SOL,USDC,sponsored,load wave 2
6,60,sell,0.0025,SOL,USDC,sponsored,load wave 2
7,60,sell,0.0025,SOL,USDC,sponsored,load wave 2
8,60,sell,0.0025,SOL,USDC,sponsored,load wave 2
9,60,sell,0.0025,SOL,USDC,sponsored,load wave 2
10,60,sell,0.0025,SOL,USDC,sponsored,load wave 2
11,60,sell,0.0025,SOL,USDC,sponsored,load wave 2
12,60,sell,0.0025,SOL,USDC,sponsored,load wave 2
13,60,sell,0.0025,SOL,USDC,sponsored,load wave 2
14,60,sell,0.0025,SOL,USDC,sponsored,load wave 2
15,60,sell,0.0025,SOL,USDC,sponsored,load wave 2
16,60,sell,0.0025,SOL,USDC,sponsored,load wave 2
17,60,sell,0.0025,SOL,USDC,sponsored,load wave 2
18,60,sell,0.0025,SOL,USDC,sponsored,load wave 2
19,60,sell,0.0025,SOL,USDC,sponsored,load wave 2
20,60,sell,0.0025,SOL,USDC,sponsored,load wave 2
21,60,sell,0.0025,SOL,USDC,sponsored,load wave 2
22,60,sell,0.0025,SOL,USDC,sponsored,load wave 2
23,60,sell,0.0025,SOL,USDC,sponsored,load wave 2
24,60,sell,0.0025,SOL,USDC,sponsored,load wave 2
25,60,sell,0.0025,SOL,USDC,sponsored,load wave 2
1,120,sell,0.0025,SOL,USDC,sponsored,load wave 3
2,120,sell,0.0025,SOL,USDC,sponsored,load wave 3
3,120,sell,0.0025,SOL,USDC,sponsored,load wave 3
4,120,sell,0.0025,SOL,USDC,sponsored,load wave 3
5,120,sell,0.0025,SOL,USDC,sponsored,load wave 3
6,120,sell,0.0025,SOL,USDC,sponsored,load wave 3
7,120,sell,0.0025,SOL,USDC,sponsored,load wave 3
8,120,sell,0.0025,SOL,USDC,sponsored,load wave 3
9,120,sell,0.0025,SOL,USDC,sponsored,load wave 3
10,120,sell,0.0025,SOL,USDC,sponsored,load wave 3
11,120,sell,0.0025,SOL,USDC,sponsored,load wave 3
12,120,sell,0.0025,SOL,USDC,sponsored,load wave 3
13,120,sell,0.0025,SOL,USDC,sponsored,load wave 3
14,120,sell,0.0025,SOL,USDC,sponsored,load wave 3
15,120,sell,0.0025,SOL,USDC,sponsored,load wave 3
16,120,sell,0.0025,SOL,USDC,sponsored,load wave 3
17,120,sell,0.0025,SOL,USDC,sponsored,load wave 3
18,120,sell,0.0025,SOL,USDC,sponsored,load wave 3
19,120,sell,0.0025,SOL,USDC,sponsored,load wave 3
20,120,sell,0.0025,SOL,USDC,sponsored,load wave 3
21,120,sell,0.0025,SOL,USDC,sponsored,load wave 3
22,120,sell,0.0025,SOL,USDC,sponsored,load wave 3
23,120,sell,0.0025,SOL,USDC,sponsored,load wave 3
24,120,sell,0.0025,SOL,USDC,sponsored,load wave 3
25,120,sell,0.0025,SOL,USDC,sponsored,load wave 3
1,180,sell,0.0025,SOL,USDC,sponsored,load wave 4
2,180,sell,0.0025,SOL,USDC,sponsored,load wave 4
3,180,sell,0.0025,SOL,USDC,sponsored,load wave 4
4,180,sell,0.0025,SOL,USDC,sponsored,load wave 4
5,180,sell,0.0025,SOL,USDC,sponsored,load wave 4
6,180,sell,0.0025,SOL,USDC,sponsored,load wave 4
7,180,sell,0.0025,SOL,USDC,sponsored,load wave 4
8,180,sell,0.0025,SOL,USDC,sponsored,load wave 4
9,180,sell,0.0025,SOL,USDC,sponsored,load wave 4
10,180,sell,0.0025,SOL,USDC,sponsored,load wave 4
11,180,sell,0.0025,SOL,USDC,sponsored,load wave 4
12,180,sell,0.0025,SOL,USDC,sponsored,load wave 4
13,180,sell,0.0025,SOL,USDC,sponsored,load wave 4
14,180,sell,0.0025,SOL,USDC,sponsored,load wave 4
15,180,sell,0.0025,SOL,USDC,sponsored,load wave 4
16,180,sell,0.0025,SOL,USDC,sponsored,load wave 4
17,180,sell,0.0025,SOL,USDC,sponsored,load wave 4
18,180,sell,0.0025,SOL,USDC,sponsored,load wave 4
19,180,sell,0.0025,SOL,USDC,sponsored,load wave 4
20,180,sell,0.0025,SOL,USDC,sponsored,load wave 4
21,180,sell,0.0025,SOL,USDC,sponsored,load wave 4
22,180,sell,0.0025,SOL,USDC,sponsored,load wave 4
23,180,sell,0.0025,SOL,USDC,sponsored,load wave 4
24,180,sell,0.0025,SOL,USDC,sponsored,load wave 4
25,180,sell,0.0025,SOL,USDC,sponsored,load wave 4
1,240,sell,0.0025,SOL,USDC,sponsored,load wave 5
2,240,sell,0.0025,SOL,USDC,sponsored,load wave 5
3,240,sell,0.0025,SOL,USDC,sponsored,load wave 5
4,240,sell,0.0025,SOL,USDC,sponsored,load wave 5
5,240,sell,0.0025,SOL,USDC,sponsored,load wave 5
6,240,sell,0.0025,SOL,USDC,sponsored,load wave 5
7,240,sell,0.0025,SOL,USDC,sponsored,load wave 5
8,240,sell,0.0025,SOL,USDC,sponsored,load wave 5
9,240,sell,0.0025,SOL,USDC,sponsored,load wave 5
10,240,sell,0.0025,SOL,USDC,sponsored,load wave 5
11,240,sell,0.0025,SOL,USDC,sponsored,load wave 5
12,240,sell,0.0025,SOL,USDC,sponsored,load wave 5
13,240,sell,0.0025,SOL,USDC,sponsored,load wave 5
14,240,sell,0.0025,SOL,USDC,sponsored,load wave 5
15,240,sell,0.0025,SOL,USDC,sponsored,load wave 5
16,240,sell,0.0025,SOL,USDC,sponsored,load wave 5
17,240,sell,0.0025,SOL,USDC,sponsored,load wave 5
18,240,sell,0.0025,SOL,USDC,sponsored,load wave 5
19,240,sell,0.0025,SOL,USDC,sponsored,load wave 5
20,240,sell,0.0025,SOL,USDC,sponsored,load wave 5
21,240,sell,0.0025,SOL,USDC,sponsored,load wave 5
22,240,sell,0.0025,SOL,USDC,sponsored,load wave 5
23,240,sell,0.0025,SOL,USDC,sponsored,load wave 5
24,240,sell,0.0025,SOL,USDC,sponsored,load wave 5
25,240,sell,0.0025,SOL,USDC,sponsored,load wave 5
1,300,sell,0.0025,SOL,USDC,sponsored,load wave 6
2,300,sell,0.0025,SOL,USDC,sponsored,load wave 6
3,300,sell,0.0025,SOL,USDC,sponsored,load wave 6
4,300,sell,0.0025,SOL,USDC,sponsored,load wave 6
5,300,sell,0.0025,SOL,USDC,sponsored,load wave 6
6,300,sell,0.0025,SOL,USDC,sponsored,load wave 6
7,300,sell,0.0025,SOL,USDC,sponsored,load wave 6
8,300,sell,0.0025,SOL,USDC,sponsored,load wave 6
9,300,sell,0.0025,SOL,USDC,sponsored,load wave 6
10,300,sell,0.0025,SOL,USDC,sponsored,load wave 6
11,300,sell,0.0025,SOL,USDC,sponsored,load wave 6
12,300,sell,0.0025,SOL,USDC,sponsored,load wave 6
13,300,sell,0.0025,SOL,USDC,sponsored,load wave 6
14,300,sell,0.0025,SOL,USDC,sponsored,load wave 6
15,300,sell,0.0025,SOL,USDC,sponsored,load wave 6
16,300,sell,0.0025,SOL,USDC,sponsored,load wave 6
17,300,sell,0.0025,SOL,USDC,sponsored,load wave 6
18,300,sell,0.0025,SOL,USDC,sponsored,load wave 6
19,300,sell,0.0025,SOL,USDC,sponsored,load wave 6
20,300,sell,0.0025,SOL,USDC,sponsored,load wave 6
21,300,sell,0.0025,SOL,USDC,sponsored,load wave 6
22,300,sell,0.0025,SOL,USDC,sponsored,load wave 6
23,300,sell,0.0025,SOL,USDC,sponsored,load wave 6
24,300,sell,0.0025,SOL,USDC,sponsored,load wave 6
25,300,sell,0.0025,SOL,USDC,sponsored,load wave 6
1,360,sell,0.0025,SOL,USDC,sponsored,load wave 7
2,360,sell,0.0025,SOL,USDC,sponsored,load wave 7
3,360,sell,0.0025,SOL,USDC,sponsored,load wave 7
4,360,sell,0.0025,SOL,USDC,sponsored,load wave 7
5,360,sell,0.0025,SOL,USDC,sponsored,load wave 7
6,360,sell,0.0025,SOL,USDC,sponsored,load wave 7
7,360,sell,0.0025,SOL,USDC,sponsored,load wave 7
8,360,sell,0.0025,SOL,USDC,sponsored,load wave 7
9,360,sell,0.0025,SOL,USDC,sponsored,load wave 7
10,360,sell,0.0025,SOL,USDC,sponsored,load wave 7
11,360,sell,0.0025,SOL,USDC,sponsored,load wave 7
12,360,sell,0.0025,SOL,USDC,sponsored,load wave 7
13,360,sell,0.0025,SOL,USDC,sponsored,load wave 7
14,360,sell,0.0025,SOL,USDC,sponsored,load wave 7
15,360,sell,0.0025,SOL,USDC,sponsored,load wave 7
16,360,sell,0.0025,SOL,USDC,sponsored,load wave 7
17,360,sell,0.0025,SOL,USDC,sponsored,load wave 7
18,360,sell,0.0025,SOL,USDC,sponsored,load wave 7
19,360,sell,0.0025,SOL,USDC,sponsored,load wave 7
20,360,sell,0.0025,SOL,USDC,sponsored,load wave 7
21,360,sell,0.0025,SOL,USDC,sponsored,load wave 7
22,360,sell,0.0025,SOL,USDC,sponsored,load wave 7
23,360,sell,0.0025,SOL,USDC,sponsored,load wave 7
24,360,sell,0.0025,SOL,USDC,sponsored,load wave 7
25,360,sell,0.0025,SOL,USDC,sponsored,load wave 7
1,420,sell,0.0025,SOL,USDC,sponsored,load wave 8
2,420,sell,0.0025,SOL,USDC,sponsored,load wave 8
3,420,sell,0.0025,SOL,USDC,sponsored,load wave 8
4,420,sell,0.0025,SOL,USDC,sponsored,load wave 8
5,420,sell,0.0025,SOL,USDC,sponsored,load wave 8
6,420,sell,0.0025,SOL,USDC,sponsored,load wave 8
7,420,sell,0.0025,SOL,USDC,sponsored,load wave 8
8,420,sell,0.0025,SOL,USDC,sponsored,load wave 8
9,420,sell,0.0025,SOL,USDC,sponsored,load wave 8
10,420,sell,0.0025,SOL,USDC,sponsored,load wave 8
11,420,sell,0.0025,SOL,USDC,sponsored,load wave 8
12,420,sell,0.0025,SOL,USDC,sponsored,load wave 8
13,420,sell,0.0025,SOL,USDC,sponsored,load wave 8
14,420,sell,0.0025,SOL,USDC,sponsored,load wave 8
15,420,sell,0.0025,SOL,USDC,sponsored,load wave 8
16,420,sell,0.0025,SOL,USDC,sponsored,load wave 8
17,420,sell,0.0025,SOL,USDC,sponsored,load wave 8
18,420,sell,0.0025,SOL,USDC,sponsored,load wave 8
19,420,sell,0.0025,SOL,USDC,sponsored,load wave 8
20,420,sell,0.0025,SOL,USDC,sponsored,load wave 8
21,420,sell,0.0025,SOL,USDC,sponsored,load wave 8
22,420,sell,0.0025,SOL,USDC,sponsored,load wave 8
23,420,sell,0.0025,SOL,USDC,sponsored,load wave 8
24,420,sell,0.0025,SOL,USDC,sponsored,load wave 8
25,420,sell,0.0025,SOL,USDC,sponsored,load wave 8
1,480,sell,0.0025,SOL,USDC,sponsored,load wave 9
2,480,sell,0.0025,SOL,USDC,sponsored,load wave 9
3,480,sell,0.0025,SOL,USDC,sponsored,load wave 9
4,480,sell,0.0025,SOL,USDC,sponsored,load wave 9
5,480,sell,0.0025,SOL,USDC,sponsored,load wave 9
6,480,sell,0.0025,SOL,USDC,sponsored,load wave 9
7,480,sell,0.0025,SOL,USDC,sponsored,load wave 9
8,480,sell,0.0025,SOL,USDC,sponsored,load wave 9
9,480,sell,0.0025,SOL,USDC,sponsored,load wave 9
10,480,sell,0.0025,SOL,USDC,sponsored,load wave 9
11,480,sell,0.0025,SOL,USDC,sponsored,load wave 9
12,480,sell,0.0025,SOL,USDC,sponsored,load wave 9
13,480,sell,0.0025,SOL,USDC,sponsored,load wave 9
14,480,sell,0.0025,SOL,USDC,sponsored,load wave 9
15,480,sell,0.0025,SOL,USDC,sponsored,load wave 9
16,480,sell,0.0025,SOL,USDC,sponsored,load wave 9
17,480,sell,0.0025,SOL,USDC,sponsored,load wave 9
18,480,sell,0.0025,SOL,USDC,sponsored,load wave 9
19,480,sell,0.0025,SOL,USDC,sponsored,load wave 9
20,480,sell,0.0025,SOL,USDC,sponsored,load wave 9
21,480,sell,0.0025,SOL,USDC,sponsored,load wave 9
22,480,sell,0.0025,SOL,USDC,sponsored,load wave 9
23,480,sell,0.0025,SOL,USDC,sponsored,load wave 9
24,480,sell,0.0025,SOL,USDC,sponsored,load wave 9
25,480,sell,0.0025,SOL,USDC,sponsored,load wave 9
1,540,sell,0.0025,SOL,USDC,sponsored,load wave 10
2,540,sell,0.0025,SOL,USDC,sponsored,load wave 10
3,540,sell,0.0025,SOL,USDC,sponsored,load wave 10
4,540,sell,0.0025,SOL,USDC,sponsored,load wave 10
5,540,sell,0.0025,SOL,USDC,sponsored,load wave 10
6,540,sell,0.0025,SOL,USDC,sponsored,load wave 10
7,540,sell,0.0025,SOL,USDC,sponsored,load wave 10
8,540,sell,0.0025,SOL,USDC,sponsored,load wave 10
9,540,sell,0.0025,SOL,USDC,sponsored,load wave 10
10,540,sell,0.0025,SOL,USDC,sponsored,load wave 10
11,540,sell,0.0025,SOL,USDC,sponsored,load wave 10
12,540,sell,0.0025,SOL,USDC,sponsored,load wave 10
13,540,sell,0.0025,SOL,USDC,sponsored,load wave 10
14,540,sell,0.0025,SOL,USDC,sponsored,load wave 10
15,540,sell,0.0025,SOL,USDC,sponsored,load wave 10
16,540,sell,0.0025,SOL,USDC,sponsored,load wave 10
17,540,sell,0.0025,SOL,USDC,sponsored,load wave 10
18,540,sell,0.0025,SOL,USDC,sponsored,load wave 10
19,540,sell,0.0025,SOL,USDC,sponsored,load wave 10
20,540,sell,0.0025,SOL,USDC,sponsored,load wave 10
21,540,sell,0.0025,SOL,USDC,sponsored,load wave 10
22,540,sell,0.0025,SOL,USDC,sponsored,load wave 10
23,540,sell,0.0025,SOL,USDC,sponsored,load wave 10
24,540,sell,0.0025,SOL,USDC,sponsored,load wave 10
25,540,sell,0.0025,SOL,USDC,sponsored,load wave 10
1,720,sell,0.0025,SOL,USDC,sponsored,recovery probe after quiet period
2,720,sell,0.0025,SOL,USDC,sponsored,recovery probe after quiet period
3,720,sell,0.0025,SOL,USDC,sponsored,recovery probe after quiet period
4,720,sell,0.0025,SOL,USDC,sponsored,recovery probe after quiet period
5,720,sell,0.0025,SOL,USDC,sponsored,recovery probe after quiet period
6,720,sell,0.0025,SOL,USDC,sponsored,recovery probe after quiet period
7,720,sell,0.0025,SOL,USDC,sponsored,recovery probe after quiet period
8,720,sell,0.0025,SOL,USDC,sponsored,recovery probe after quiet period
9,720,sell,0.0025,SOL,USDC,sponsored,recovery probe after quiet period
10,720,sell,0.0025,SOL,USDC,sponsored,recovery probe after quiet period
11,720,sell,0.0025,SOL,USDC,sponsored,recovery probe after quiet period
12,720,sell,0.0025,SOL,USDC,sponsored,recovery probe after quiet period
13,720,sell,0.0025,SOL,USDC,sponsored,recovery probe after quiet period
14,720,sell,0.0025,SOL,USDC,sponsored,recovery probe after quiet period
15,720,sell,0.0025,SOL,USDC,sponsored,recovery probe after quiet period
16,720,sell,0.0025,SOL,USDC,sponsored,recovery probe after quiet period
17,720,sell,0.0025,SOL,USDC,sponsored,recovery probe after quiet period
18,720,sell,0.0025,SOL,USDC,sponsored,recovery probe after quiet period
19,720,sell,0.0025,SOL,USDC,sponsored,recovery probe after quiet period
20,720,sell,0.0025,SOL,USDC,sponsored,recovery probe after quiet period
21,720,sell,0.0025,SOL,USDC,sponsored,recovery probe after quiet period
22,720,sell,0.0025,SOL,USDC,sponsored,recovery probe after quiet period
23,720,sell,0.0025,SOL,USDC,sponsored,recovery probe after quiet period
24,720,sell,0.0025,SOL,USDC,sponsored,recovery probe after quiet period
25,720,sell,0.0025,SOL,USDC,sponsored,recovery probe after quiet period
