# Liquidity ladder: the same 0.01 SOL round trip into supported tokens (buy and sell routes) at five liquidity tiers,
# three per tier, all at t=0. Tiers by Jupiter liquidity: deep >= $20M, liquid $2-20M, mid $200k-2M, thin $20-200k, very thin < $20k.
# Compare fill rate, time to fill and surplus vs the quote across tiers in the report.
# Sized from Jupiter prices on 2026-10-07 (SOL ≈ $116.08). Picked from token-universe/universe.csv.
# Fund with --sol-funding-per-trader 0.05.
trader,time,type,amount,token,other_token,mode,note
1,0,sell,0.01,SOL,EPjFWdd5AufqSSqeM2qN1xzybapC8G4wEGGkZwyTDt1v,sponsored,deep: USDC (classic) rank 2 liq $463.48M: SOL to token
1,0,sell,0.987,EPjFWdd5AufqSSqeM2qN1xzybapC8G4wEGGkZwyTDt1v,SOL,sponsored,deep: USDC (classic) rank 2 liq $463.48M: 85% back to SOL
2,0,sell,0.01,SOL,Es9vMFrzaCERmJfrF4H2FYD4KCoNkY11McCe8BenwNYB,sponsored,deep: USDT (classic) rank 3 liq $32.41M: SOL to token
2,0,sell,0.987,Es9vMFrzaCERmJfrF4H2FYD4KCoNkY11McCe8BenwNYB,SOL,sponsored,deep: USDT (classic) rank 3 liq $32.41M: 85% back to SOL
3,0,sell,0.01,SOL,6p6xgHyF7AeE6TZkSmFsko444wqoP15icUSqi2jfGiPN,sponsored,deep: TRUMP (classic) rank 11 liq $30.15M: SOL to token
3,0,sell,0.538,6p6xgHyF7AeE6TZkSmFsko444wqoP15icUSqi2jfGiPN,SOL,sponsored,deep: TRUMP (classic) rank 11 liq $30.15M: 85% back to SOL
4,0,sell,0.01,SOL,6GmAFSYs4gk3FDao5FzzySQpPZaWsa4rUJHacpMpUNgx,sponsored,liquid: STONK (classic) rank 8 liq $3.87M: SOL to token
4,0,sell,5.67,6GmAFSYs4gk3FDao5FzzySQpPZaWsa4rUJHacpMpUNgx,SOL,sponsored,liquid: STONK (classic) rank 8 liq $3.87M: 85% back to SOL
5,0,sell,0.01,SOL,A7bdiYdS5GjqGFtxf17ppRHtDKPkkRqbKtR27dxvQXaS,sponsored,liquid: ZEC (classic) rank 9 liq $5.15M: SOL to token
5,0,sell,0.000754,A7bdiYdS5GjqGFtxf17ppRHtDKPkkRqbKtR27dxvQXaS,SOL,sponsored,liquid: ZEC (classic) rank 9 liq $5.15M: 85% back to SOL
6,0,sell,0.01,SOL,DEkqHyPN7GMRJ5cArtQFAWefqbZb33Hyf6s5iCwjEonT,sponsored,liquid: USDe (classic) rank 23 liq $7.78M: SOL to token
6,0,sell,0.987,DEkqHyPN7GMRJ5cArtQFAWefqbZb33Hyf6s5iCwjEonT,SOL,sponsored,liquid: USDe (classic) rank 23 liq $7.78M: 85% back to SOL
7,0,sell,0.01,SOL,5UUH9RTDiSpq6HKS6bp4NdU9PNJpXRXuiw6ShBTBhgH2,sponsored,mid: TROLL (classic) rank 58 liq $1.69M: SOL to token
7,0,sell,23.8,5UUH9RTDiSpq6HKS6bp4NdU9PNJpXRXuiw6ShBTBhgH2,SOL,sponsored,mid: TROLL (classic) rank 58 liq $1.69M: 85% back to SOL
8,0,sell,0.01,SOL,orcaEKTdK7LKz57vaAYr9QeNsVEPfiu6QeMU1kektZE,sponsored,mid: ORCA (classic) rank 62 liq $0.93M: SOL to token
8,0,sell,0.34,orcaEKTdK7LKz57vaAYr9QeNsVEPfiu6QeMU1kektZE,SOL,sponsored,mid: ORCA (classic) rank 62 liq $0.93M: 85% back to SOL
9,0,sell,0.01,SOL,HZ1JovNiVvGrGNiiYvEozEVgZ58xaU3RKwX8eACQBCt3,sponsored,mid: PYTH (classic) rank 76 liq $0.37M: SOL to token
9,0,sell,13.9,HZ1JovNiVvGrGNiiYvEozEVgZ58xaU3RKwX8eACQBCt3,SOL,sponsored,mid: PYTH (classic) rank 76 liq $0.37M: 85% back to SOL
10,0,sell,0.01,SOL,BoTx8y9ynfdxf5ZjWtCoBVkff52qKA82ysaLU8ZM6d8T,sponsored,thin: BOT (token-2022) rank 100 liq $0.18M: SOL to token
10,0,sell,0.0339,BoTx8y9ynfdxf5ZjWtCoBVkff52qKA82ysaLU8ZM6d8T,SOL,sponsored,thin: BOT (token-2022) rank 100 liq $0.18M: 85% back to SOL
11,0,sell,0.01,SOL,9Pfync3ejPC9eHqVzq3nYQJAhyhjqpnB9UsaSfLxpump,sponsored,thin: KET (classic) rank 106 liq $0.14M: SOL to token
11,0,sell,325,9Pfync3ejPC9eHqVzq3nYQJAhyhjqpnB9UsaSfLxpump,SOL,sponsored,thin: KET (classic) rank 106 liq $0.14M: 85% back to SOL
12,0,sell,0.01,SOL,3BgwJ8b7b9hHX4sgfZ2KJhv9496CoVfsMK2YePevsBRw,sponsored,thin: EPIK (classic) rank 155 liq $0.18M: SOL to token
12,0,sell,481,3BgwJ8b7b9hHX4sgfZ2KJhv9496CoVfsMK2YePevsBRw,SOL,sponsored,thin: EPIK (classic) rank 155 liq $0.18M: 85% back to SOL
13,0,sell,0.01,SOL,91ryaCo5yGpYZM3bs6GUPs97VWJQj7RozBmqPULgpump,sponsored,very thin: TIGRINO (token-2022) rank 172 liq $0.01M: SOL to token
13,0,sell,27100,91ryaCo5yGpYZM3bs6GUPs97VWJQj7RozBmqPULgpump,SOL,sponsored,very thin: TIGRINO (token-2022) rank 172 liq $0.01M: 85% back to SOL
14,0,sell,0.01,SOL,7fDdLy2rmQKsPCkqUXEd1mN7yDfEzArc4VrctWmfkJBK,sponsored,very thin: Z500 (classic) rank 191 liq $0.01M: SOL to token
14,0,sell,26800,7fDdLy2rmQKsPCkqUXEd1mN7yDfEzArc4VrctWmfkJBK,SOL,sponsored,very thin: Z500 (classic) rank 191 liq $0.01M: 85% back to SOL
15,0,sell,0.01,SOL,jLz71QZfjnZZMLjUaCBw7KmUyftkkNq8NkWi2u9dyap,sponsored,very thin: YAP (token-2022) rank 224 liq $0.01M: SOL to token
15,0,sell,43400,jLz71QZfjnZZMLjUaCBw7KmUyftkkNq8NkWi2u9dyap,SOL,sponsored,very thin: YAP (token-2022) rank 224 liq $0.01M: 85% back to SOL
