# Top 250 supported Solana tokens by volume (2026-10-07) (../token-universe/tokenlist-top250.json), classified on staging on 2026-10-07.
# 250 tradable tokens (124 Token-2022): sell 0.005 SOL into each, then 90% of the quote back. 30 traders, ~9 tokens each, back to back.
# Fund with --sol-funding-per-trader 0.05.
# Regenerate: pnpm sim generate-token-list-session --list ../token-universe/tokenlist-top250.json -o ../scenarios/token-universe/top250
trader,time,type,amount,token,other_token,mode,note
1,0,sell,0.005,SOL,EPjFWdd5AufqSSqeM2qN1xzybapC8G4wEGGkZwyTDt1v,sponsored,USDC (classic): SOL to token
1,0,sell,0.523,EPjFWdd5AufqSSqeM2qN1xzybapC8G4wEGGkZwyTDt1v,SOL,sponsored,USDC (classic): token to SOL
2,0,sell,0.005,SOL,Es9vMFrzaCERmJfrF4H2FYD4KCoNkY11McCe8BenwNYB,sponsored,USDT (classic): SOL to token
2,0,sell,0.523,Es9vMFrzaCERmJfrF4H2FYD4KCoNkY11McCe8BenwNYB,SOL,sponsored,USDT (classic): token to SOL
3,0,sell,0.005,SOL,2u1tszSeqZ3qBWF3uNGPFc8TzMk2tdiwknnRMWGWjGWH,sponsored,USDG (token-2022: mintCloseAuthority permanentDelegate transferFeeConfig confidentialTransferMint confidentialTransferFeeConfig transferHook): SOL to token
3,0,sell,0.523,2u1tszSeqZ3qBWF3uNGPFc8TzMk2tdiwknnRMWGWjGWH,SOL,sponsored,USDG (token-2022: mintCloseAuthority permanentDelegate transferFeeConfig confidentialTransferMint confidentialTransferFeeConfig transferHook): token to SOL
4,0,sell,0.005,SOL,cbbtcf3aa214zXHbiAZQwf4122FBYbraNdFqgw4iMij,sponsored,cbBTC (classic): SOL to token
4,0,sell,0.00000628,cbbtcf3aa214zXHbiAZQwf4122FBYbraNdFqgw4iMij,SOL,sponsored,cbBTC (classic): token to SOL
5,0,sell,0.005,SOL,pumpCmXqMfrsAkQ5r49WcJnRayYRqmXz6ae8H7H9Dfn,sponsored,PUMP (token-2022: transferHook): SOL to token
5,0,sell,84.6,pumpCmXqMfrsAkQ5r49WcJnRayYRqmXz6ae8H7H9Dfn,SOL,sponsored,PUMP (token-2022: transferHook): token to SOL
6,0,sell,0.005,SOL,2b1kV6DkPAnxd5ixfnxCpjxmKwqjjaYmCZfHsFu24GXo,sponsored,PYUSD (token-2022: mintCloseAuthority permanentDelegate transferFeeConfig confidentialTransferMint confidentialTransferFeeConfig transferHook): SOL to token
6,0,sell,0.523,2b1kV6DkPAnxd5ixfnxCpjxmKwqjjaYmCZfHsFu24GXo,SOL,sponsored,PYUSD (token-2022: mintCloseAuthority permanentDelegate transferFeeConfig confidentialTransferMint confidentialTransferFeeConfig transferHook): token to SOL
7,0,sell,0.005,SOL,6GmAFSYs4gk3FDao5FzzySQpPZaWsa4rUJHacpMpUNgx,sponsored,STONK (classic): SOL to token
7,0,sell,3.02,6GmAFSYs4gk3FDao5FzzySQpPZaWsa4rUJHacpMpUNgx,SOL,sponsored,STONK (classic): token to SOL
8,0,sell,0.005,SOL,A7bdiYdS5GjqGFtxf17ppRHtDKPkkRqbKtR27dxvQXaS,sponsored,ZEC (classic): SOL to token
8,0,sell,0.0004,A7bdiYdS5GjqGFtxf17ppRHtDKPkkRqbKtR27dxvQXaS,SOL,sponsored,ZEC (classic): token to SOL
9,0,sell,0.005,SOL,9cRCn9rGT8V2imeM2BaKs13yhMEais3ruM3rPvTGpump,sponsored,ANSEM (token-2022): SOL to token
9,0,sell,3.84,9cRCn9rGT8V2imeM2BaKs13yhMEais3ruM3rPvTGpump,SOL,sponsored,ANSEM (token-2022): token to SOL
10,0,sell,0.005,SOL,6p6xgHyF7AeE6TZkSmFsko444wqoP15icUSqi2jfGiPN,sponsored,TRUMP (classic): SOL to token
10,0,sell,0.284,6p6xgHyF7AeE6TZkSmFsko444wqoP15icUSqi2jfGiPN,SOL,sponsored,TRUMP (classic): token to SOL
11,0,sell,0.005,SOL,98sMhvDwXj1RQi5c5Mndm3vPe9cBqPrbLaufMXFNMh5g,sponsored,HYPE (classic): SOL to token
11,0,sell,0.00596,98sMhvDwXj1RQi5c5Mndm3vPe9cBqPrbLaufMXFNMh5g,SOL,sponsored,HYPE (classic): token to SOL
12,0,sell,0.005,SOL,7vfCXTUXx5WJV5JADk17DUJ4ksgau7utNKj4b963voxs,sponsored,ETH (classic): SOL to token
12,0,sell,0.000204,7vfCXTUXx5WJV5JADk17DUJ4ksgau7utNKj4b963voxs,SOL,sponsored,ETH (classic): token to SOL
13,0,sell,0.005,SOL,CASHx9KJUStyftLFWGvEVf59SGeG9sh5FfcnZMVPCASH,sponsored,CASH (token-2022: mintCloseAuthority permanentDelegate defaultAccountState confidentialTransferMint transferHook): SOL to token
13,0,sell,0.523,CASHx9KJUStyftLFWGvEVf59SGeG9sh5FfcnZMVPCASH,SOL,sponsored,CASH (token-2022: mintCloseAuthority permanentDelegate defaultAccountState confidentialTransferMint transferHook): token to SOL
14,0,sell,0.005,SOL,JuprjznTrTSp2UFa3ZBUFgwdAmtZCq4MQCwysN55USD,sponsored,JupUSD (classic): SOL to token
14,0,sell,0.523,JuprjznTrTSp2UFa3ZBUFgwdAmtZCq4MQCwysN55USD,SOL,sponsored,JupUSD (classic): token to SOL
15,0,sell,0.005,SOL,4k3Dyjzvzp8eMZWUXbBCjEvwSkkk59S5iCNLY3QrkX6R,sponsored,RAY (classic): SOL to token
15,0,sell,0.213,4k3Dyjzvzp8eMZWUXbBCjEvwSkkk59S5iCNLY3QrkX6R,SOL,sponsored,RAY (classic): token to SOL
16,0,sell,0.005,SOL,Dz9mQ9NzkBcCsuGPFJ3r1bS4wgqKMHBPiVuniW8Mbonk,sponsored,USELESS (classic): SOL to token
16,0,sell,2.53,Dz9mQ9NzkBcCsuGPFJ3r1bS4wgqKMHBPiVuniW8Mbonk,SOL,sponsored,USELESS (classic): token to SOL
17,0,sell,0.005,SOL,USD1ttGY1N17NEEHLmELoaybftRBUSErhqYiQzvEmuB,sponsored,USD1 (classic): SOL to token
17,0,sell,0.523,USD1ttGY1N17NEEHLmELoaybftRBUSErhqYiQzvEmuB,SOL,sponsored,USD1 (classic): token to SOL
18,0,sell,0.005,SOL,CWZ6BsdnjkDVTGkmL6bGbJXXig6ceef12KvyGQW14cMt,sponsored,ANTFUN (classic): SOL to token
18,0,sell,43,CWZ6BsdnjkDVTGkmL6bGbJXXig6ceef12KvyGQW14cMt,SOL,sponsored,ANTFUN (classic): token to SOL
19,0,sell,0.005,SOL,3NZ9JMVBmGAqocybic2c7LQCJScmgsAZ6vQqTDzcqmJh,sponsored,WBTC (classic): SOL to token
19,0,sell,0.00000629,3NZ9JMVBmGAqocybic2c7LQCJScmgsAZ6vQqTDzcqmJh,SOL,sponsored,WBTC (classic): token to SOL
20,0,sell,0.005,SOL,DEkqHyPN7GMRJ5cArtQFAWefqbZb33Hyf6s5iCwjEonT,sponsored,USDe (classic): SOL to token
20,0,sell,0.523,DEkqHyPN7GMRJ5cArtQFAWefqbZb33Hyf6s5iCwjEonT,SOL,sponsored,USDe (classic): token to SOL
21,0,sell,0.005,SOL,XsueG8BtpquVJX9LVLLEGuViXUungE6WmK5YZ3p3bd1,sponsored,CRCLx (token-2022: permanentDelegate defaultAccountState scaledUiAmountConfig pausableConfig confidentialTransferMint transferHook): SOL to token
21,0,sell,0.00647,XsueG8BtpquVJX9LVLLEGuViXUungE6WmK5YZ3p3bd1,SOL,sponsored,CRCLx (token-2022: permanentDelegate defaultAccountState scaledUiAmountConfig pausableConfig confidentialTransferMint transferHook): token to SOL
22,0,sell,0.005,SOL,98kfF7rmsg1QDUEoCqNE7g7M1FdrTt92TEp2CLzypump,sponsored,PAID (token-2022): SOL to token
22,0,sell,96.6,98kfF7rmsg1QDUEoCqNE7g7M1FdrTt92TEp2CLzypump,SOL,sponsored,PAID (token-2022): token to SOL
23,0,sell,0.005,SOL,Ge87EtsjwRQbHaqQmKRno69RFTwh9bfSsm99XNxTpump,sponsored,Jimothy (token-2022): SOL to token
23,0,sell,151,Ge87EtsjwRQbHaqQmKRno69RFTwh9bfSsm99XNxTpump,SOL,sponsored,Jimothy (token-2022): token to SOL
24,0,sell,0.005,SOL,J1toso1uCk3RLmjorhTtrVwY9HJ7X8V9yYac6Y7kGCPn,sponsored,JitoSOL (classic): SOL to token
24,0,sell,0.00345,J1toso1uCk3RLmjorhTtrVwY9HJ7X8V9yYac6Y7kGCPn,SOL,sponsored,JitoSOL (classic): token to SOL
25,0,sell,0.005,SOL,CTPoyCwkjMvoJwU4xvZZqoD8tiYk6yDchySiN5gGpump,sponsored,fone (token-2022): SOL to token
25,0,sell,130,CTPoyCwkjMvoJwU4xvZZqoD8tiYk6yDchySiN5gGpump,SOL,sponsored,fone (token-2022): token to SOL
26,0,sell,0.005,SOL,XsoCS1TfEyfFhfvj8EtZ528L3CaKBDBRqRapnBbDF2W,sponsored,SPYx (token-2022: permanentDelegate defaultAccountState scaledUiAmountConfig pausableConfig confidentialTransferMint transferHook): SOL to token
26,0,sell,0.000669,XsoCS1TfEyfFhfvj8EtZ528L3CaKBDBRqRapnBbDF2W,SOL,sponsored,SPYx (token-2022: permanentDelegate defaultAccountState scaledUiAmountConfig pausableConfig confidentialTransferMint transferHook): token to SOL
27,0,sell,0.005,SOL,JUPyiwrYJFskUPiHa7hkeR8VUtAeFoSYbKedZNsDvCN,sponsored,JUP (classic): SOL to token
27,0,sell,1.65,JUPyiwrYJFskUPiHa7hkeR8VUtAeFoSYbKedZNsDvCN,SOL,sponsored,JUP (classic): token to SOL
28,0,sell,0.005,SOL,2zMMhcVQEXDtdE6vsFS7S7D5oUodfJHE8vd1gnBouauv,sponsored,PENGU (classic): SOL to token
28,0,sell,61.8,2zMMhcVQEXDtdE6vsFS7S7D5oUodfJHE8vd1gnBouauv,SOL,sponsored,PENGU (classic): token to SOL
29,0,sell,0.005,SOL,9BB6NFEcjBCtnNLFko2FqVQBq8HHM13kCyYcdQbgpump,sponsored,Fartcoin (classic): SOL to token
29,0,sell,3.29,9BB6NFEcjBCtnNLFko2FqVQBq8HHM13kCyYcdQbgpump,SOL,sponsored,Fartcoin (classic): token to SOL
30,0,sell,0.005,SOL,SKHYhSjuRWHgikq8eRKbtBbpABgJSkd7ytQV14i9EQ3,sponsored,SKHY (token-2022: permanentDelegate defaultAccountState pausableConfig confidentialTransferMint transferHook scaledUiAmountConfig): SOL to token
30,0,sell,0.00292,SKHYhSjuRWHgikq8eRKbtBbpABgJSkd7ytQV14i9EQ3,SOL,sponsored,SKHY (token-2022: permanentDelegate defaultAccountState pausableConfig confidentialTransferMint transferHook scaledUiAmountConfig): token to SOL
1,0,sell,0.005,SOL,CARDSccUMFKoPRZxt5vt3ksUbxEFEcnZ3H2pd3dKxYjp,sponsored,CARDS (classic): SOL to token
1,0,sell,1.86,CARDSccUMFKoPRZxt5vt3ksUbxEFEcnZ3H2pd3dKxYjp,SOL,sponsored,CARDS (classic): token to SOL
2,0,sell,0.005,SOL,METvsvVRapdj9cFLzq4Tr43xK4tAjQfwX76z3n6mWQL,sponsored,MET (classic): SOL to token
2,0,sell,1.35,METvsvVRapdj9cFLzq4Tr43xK4tAjQfwX76z3n6mWQL,SOL,sponsored,MET (classic): token to SOL
3,0,sell,0.005,SOL,AvZZF1YaZDziPY2RCK4oJrRVrbN3mTD9NL24hPeaZeUj,sponsored,syrupUSDC (classic): SOL to token
3,0,sell,0.441,AvZZF1YaZDziPY2RCK4oJrRVrbN3mTD9NL24hPeaZeUj,SOL,sponsored,syrupUSDC (classic): token to SOL
4,0,sell,0.005,SOL,Xsc9qvGR1efVDFGLrVsmkzv3qi45LTBjeUKSPmx9qEh,sponsored,NVDAx (token-2022: permanentDelegate defaultAccountState scaledUiAmountConfig pausableConfig confidentialTransferMint transferHook): SOL to token
4,0,sell,0.0022,Xsc9qvGR1efVDFGLrVsmkzv3qi45LTBjeUKSPmx9qEh,SOL,sponsored,NVDAx (token-2022: permanentDelegate defaultAccountState scaledUiAmountConfig pausableConfig confidentialTransferMint transferHook): token to SOL
5,0,sell,0.005,SOL,3b8X44fLF9ooXaUm3hhSgjpmVs6rZZ3pPoGnGahc3Uu7,sponsored,PRIME (classic): SOL to token
5,0,sell,0.492,3b8X44fLF9ooXaUm3hhSgjpmVs6rZZ3pPoGnGahc3Uu7,SOL,sponsored,PRIME (classic): token to SOL
6,0,sell,0.005,SOL,5dvXTZ5qwgafnHtwu3Ls3QrWx1U4LQsFeCuJgkk4QEC6,sponsored,EMBER (classic): SOL to token
6,0,sell,87.5,5dvXTZ5qwgafnHtwu3Ls3QrWx1U4LQsFeCuJgkk4QEC6,SOL,sponsored,EMBER (classic): token to SOL
7,0,sell,0.005,SOL,BPxxfRCXkUVhig4HS1Lh7kZqV6SPJhzfEk4x6fVBjPCy,sponsored,BP (classic): SOL to token
7,0,sell,0.502,BPxxfRCXkUVhig4HS1Lh7kZqV6SPJhzfEk4x6fVBjPCy,SOL,sponsored,BP (classic): token to SOL
8,0,sell,0.005,SOL,MUxEsUKSMACyw5fZf68wxf5FLnZVhtU9CwH8uNNGay1,sponsored,MU (token-2022: permanentDelegate defaultAccountState pausableConfig confidentialTransferMint transferHook scaledUiAmountConfig): SOL to token
8,0,sell,0.000481,MUxEsUKSMACyw5fZf68wxf5FLnZVhtU9CwH8uNNGay1,SOL,sponsored,MU (token-2022: permanentDelegate defaultAccountState pausableConfig confidentialTransferMint transferHook scaledUiAmountConfig): token to SOL
9,0,sell,0.005,SOL,27G8MtK7VtTcCHkpASjSDdkWWYfoqT6ggEuKidVJidD4,sponsored,JLP (classic): SOL to token
9,0,sell,0.109,27G8MtK7VtTcCHkpASjSDdkWWYfoqT6ggEuKidVJidD4,SOL,sponsored,JLP (classic): token to SOL
10,0,sell,0.005,SOL,5Y8NV33Vv7WbnLfq3zBcKSdYPrk7g2KoiQoe7M2tcxp5,sponsored,ONyc (classic): SOL to token
10,0,sell,0.454,5Y8NV33Vv7WbnLfq3zBcKSdYPrk7g2KoiQoe7M2tcxp5,SOL,sponsored,ONyc (classic): token to SOL
11,0,sell,0.005,SOL,SPCXxcqXj6e5dJDVNovHN8744zkbhM2bYudU45BimGb,sponsored,SPCX (token-2022: permanentDelegate defaultAccountState pausableConfig confidentialTransferMint transferHook scaledUiAmountConfig): SOL to token
11,0,sell,0.00314,SPCXxcqXj6e5dJDVNovHN8744zkbhM2bYudU45BimGb,SOL,sponsored,SPCX (token-2022: permanentDelegate defaultAccountState pausableConfig confidentialTransferMint transferHook scaledUiAmountConfig): token to SOL
12,0,sell,0.005,SOL,CbcyNo7m1amFWqEQm2m4PLv1UNvpcL3C1Ujm6AkzpKoU,sponsored,e/acc (token-2022): SOL to token
12,0,sell,93.3,CbcyNo7m1amFWqEQm2m4PLv1UNvpcL3C1Ujm6AkzpKoU,SOL,sponsored,e/acc (token-2022): token to SOL
13,0,sell,0.005,SOL,ukHH6c7mMyiWCf1b9pnWe25TSpkDDt3H5pQZgZ74J82,sponsored,BOME (classic): SOL to token
13,0,sell,553,ukHH6c7mMyiWCf1b9pnWe25TSpkDDt3H5pQZgZ74J82,SOL,sponsored,BOME (classic): token to SOL
14,0,sell,0.005,SOL,A13oRB9FFaiUjfi6LdCg6p9ka1u8SfGkUFs4SKvPpump,sponsored,TOAD (token-2022): SOL to token
14,0,sell,317,A13oRB9FFaiUjfi6LdCg6p9ka1u8SfGkUFs4SKvPpump,SOL,sponsored,TOAD (token-2022): token to SOL
15,0,sell,0.005,SOL,Xs3oZwbHvqis4NYcf4YKWmEia2eC84wSiVrcYcTqpH8,sponsored,SPCXx (token-2022: permanentDelegate defaultAccountState scaledUiAmountConfig pausableConfig confidentialTransferMint transferHook): SOL to token
15,0,sell,0.00314,Xs3oZwbHvqis4NYcf4YKWmEia2eC84wSiVrcYcTqpH8,SOL,sponsored,SPCXx (token-2022: permanentDelegate defaultAccountState scaledUiAmountConfig pausableConfig confidentialTransferMint transferHook): token to SOL
16,0,sell,0.005,SOL,KMNo3nJsBXfcpJTVhZcXLW7RmTwTt4GVFE7suUBo9sS,sponsored,KMNO (classic): SOL to token
16,0,sell,14,KMNo3nJsBXfcpJTVhZcXLW7RmTwTt4GVFE7suUBo9sS,SOL,sponsored,KMNO (classic): token to SOL
17,0,sell,0.005,SOL,MukLDtJ8Cx9DxLbeyLRSWPSposTMWuwHANbuaudpump,sponsored,OTC (token-2022): SOL to token
17,0,sell,67.1,MukLDtJ8Cx9DxLbeyLRSWPSposTMWuwHANbuaudpump,SOL,sponsored,OTC (token-2022): token to SOL
18,0,sell,0.005,SOL,ApZuxdpzMrbEYTGEzeY9afh5pj9d6qPRJCTgQYiipbKg,sponsored,CYBERLEEK (classic): SOL to token
18,0,sell,378,ApZuxdpzMrbEYTGEzeY9afh5pj9d6qPRJCTgQYiipbKg,SOL,sponsored,CYBERLEEK (classic): token to SOL
19,0,sell,0.005,SOL,Hg5Ja55T5wESq4vyFoiVCMeHXtGyVA69X2UHq8hgpump,sponsored,baton (token-2022): SOL to token
19,0,sell,57.9,Hg5Ja55T5wESq4vyFoiVCMeHXtGyVA69X2UHq8hgpump,SOL,sponsored,baton (token-2022): token to SOL
20,0,sell,0.005,SOL,HzwqbKZw8HxMN6bF2yFZNrht3c2iXXzpKcFu7uBEDKtr,sponsored,EURC (classic): SOL to token
20,0,sell,0.467,HzwqbKZw8HxMN6bF2yFZNrht3c2iXXzpKcFu7uBEDKtr,SOL,sponsored,EURC (classic): token to SOL
21,0,sell,0.005,SOL,jupSoLaHXQiZZTSfEWMTRRgpnyFm8f6sZdosWBjx93v,sponsored,JupSOL (classic): SOL to token
21,0,sell,0.00371,jupSoLaHXQiZZTSfEWMTRRgpnyFm8f6sZdosWBjx93v,SOL,sponsored,JupSOL (classic): token to SOL
22,0,sell,0.005,SOL,5UUH9RTDiSpq6HKS6bp4NdU9PNJpXRXuiw6ShBTBhgH2,sponsored,TROLL (classic): SOL to token
22,0,sell,12.6,5UUH9RTDiSpq6HKS6bp4NdU9PNJpXRXuiw6ShBTBhgH2,SOL,sponsored,TROLL (classic): token to SOL
23,0,sell,0.005,SOL,6FrrzDk5mQARGc1TDYoyVnSyRdds1t4PbtohCD6p3tgG,sponsored,USX (classic): SOL to token
23,0,sell,0.523,6FrrzDk5mQARGc1TDYoyVnSyRdds1t4PbtohCD6p3tgG,SOL,sponsored,USX (classic): token to SOL
24,0,sell,0.005,SOL,XsDoVfqeBukxuZHWhdvWHBhgEHjGNst4MLodqsJHzoB,sponsored,TSLAx (token-2022: permanentDelegate defaultAccountState scaledUiAmountConfig pausableConfig confidentialTransferMint transferHook): SOL to token
24,0,sell,0.00139,XsDoVfqeBukxuZHWhdvWHBhgEHjGNst4MLodqsJHzoB,SOL,sponsored,TSLAx (token-2022: permanentDelegate defaultAccountState scaledUiAmountConfig pausableConfig confidentialTransferMint transferHook): token to SOL
25,0,sell,0.005,SOL,orcaEKTdK7LKz57vaAYr9QeNsVEPfiu6QeMU1kektZE,sponsored,ORCA (classic): SOL to token
25,0,sell,0.181,orcaEKTdK7LKz57vaAYr9QeNsVEPfiu6QeMU1kektZE,SOL,sponsored,ORCA (classic): token to SOL
26,0,sell,0.005,SOL,7VertkgF9KLhxxJXHX6uaWuoYZTP9LdGj2bWmVXVpump,sponsored,Agency (token-2022): SOL to token
26,0,sell,67.6,7VertkgF9KLhxxJXHX6uaWuoYZTP9LdGj2bWmVXVpump,SOL,sponsored,Agency (token-2022): token to SOL
27,0,sell,0.005,SOL,GTBxUiw6wJdmmkCGZgRHLyYxqu1vG4KtRpeox6yDpump,sponsored,JEANPHIL (token-2022): SOL to token
27,0,sell,120,GTBxUiw6wJdmmkCGZgRHLyYxqu1vG4KtRpeox6yDpump,SOL,sponsored,JEANPHIL (token-2022): token to SOL
28,0,sell,0.005,SOL,FZqdw6oSDCbHtKYxmhnfbi97SnyVy8jaYpdCoMrrjKa2,sponsored,Pistacio (token-2022): SOL to token
28,0,sell,2570,FZqdw6oSDCbHtKYxmhnfbi97SnyVy8jaYpdCoMrrjKa2,SOL,sponsored,Pistacio (token-2022): token to SOL
29,0,sell,0.005,SOL,SNDKbwMUQvZhnLnxLduradgLHG5KrPuKwpnrkkGRhfH,sponsored,SNDK (token-2022: permanentDelegate defaultAccountState pausableConfig confidentialTransferMint transferHook scaledUiAmountConfig): SOL to token
29,0,sell,0.000302,SNDKbwMUQvZhnLnxLduradgLHG5KrPuKwpnrkkGRhfH,SOL,sponsored,SNDK (token-2022: permanentDelegate defaultAccountState pausableConfig confidentialTransferMint transferHook scaledUiAmountConfig): token to SOL
30,0,sell,0.005,SOL,DezXAZ8z7PnrnRJjz3wXBoRgixCa6xjnB7YaB1pPB263,sponsored,Bonk (classic): SOL to token
30,0,sell,153000,DezXAZ8z7PnrnRJjz3wXBoRgixCa6xjnB7YaB1pPB263,SOL,sponsored,Bonk (classic): token to SOL
1,0,sell,0.005,SOL,XSTuo1fV7HHMhs4BYiwtrWSLsMCJNrooH2AssWTYZqP,sponsored,XST (classic): SOL to token
1,0,sell,229,XSTuo1fV7HHMhs4BYiwtrWSLsMCJNrooH2AssWTYZqP,SOL,sponsored,XST (classic): token to SOL
2,0,sell,0.005,SOL,J8PSdNP3QewKq2Z1JJJFDMaqF7KcaiJhR7gbr5KZpump,sponsored,TripleT (token-2022): SOL to token
2,0,sell,77.8,J8PSdNP3QewKq2Z1JJJFDMaqF7KcaiJhR7gbr5KZpump,SOL,sponsored,TripleT (token-2022): token to SOL
3,0,sell,0.005,SOL,XsP7xzNPvEHS1m6qfanPUGjNmdnmsLKEoNAnHjdxxyZ,sponsored,MSTRx (token-2022: permanentDelegate defaultAccountState scaledUiAmountConfig pausableConfig confidentialTransferMint transferHook): SOL to token
3,0,sell,0.0034,XsP7xzNPvEHS1m6qfanPUGjNmdnmsLKEoNAnHjdxxyZ,SOL,sponsored,MSTRx (token-2022: permanentDelegate defaultAccountState scaledUiAmountConfig pausableConfig confidentialTransferMint transferHook): token to SOL
4,0,sell,0.005,SOL,BCdwQBAn8dYB5YjTsoB6TdHAWokxv28k2oZUodERpump,sponsored,MANIFEST (token-2022): SOL to token
4,0,sell,50.9,BCdwQBAn8dYB5YjTsoB6TdHAWokxv28k2oZUodERpump,SOL,sponsored,MANIFEST (token-2022): token to SOL
5,0,sell,0.005,SOL,HZ1JovNiVvGrGNiiYvEozEVgZ58xaU3RKwX8eACQBCt3,sponsored,PYTH (classic): SOL to token
5,0,sell,7.37,HZ1JovNiVvGrGNiiYvEozEVgZ58xaU3RKwX8eACQBCt3,SOL,sponsored,PYTH (classic): token to SOL
6,0,sell,0.005,SOL,6NwarBvDkXhByqVp2Qkq5i9XbtA2B3Bwe8SWGu9vpump,sponsored,Cupsey (classic): SOL to token
6,0,sell,70.5,6NwarBvDkXhByqVp2Qkq5i9XbtA2B3Bwe8SWGu9vpump,SOL,sponsored,Cupsey (classic): token to SOL
7,0,sell,0.005,SOL,5YMkXAYccHSGnHn9nob9xEvv6Pvka9DZWH7nTbotTu9E,sponsored,hyUSD (classic): SOL to token
7,0,sell,0.524,5YMkXAYccHSGnHn9nob9xEvv6Pvka9DZWH7nTbotTu9E,SOL,sponsored,hyUSD (classic): token to SOL
8,0,sell,0.005,SOL,EKpQGSJtjMFqKZ9KQanSqYXRcF8fBopzLHYxdM65zcjm,sponsored,$WIF (classic): SOL to token
8,0,sell,2.29,EKpQGSJtjMFqKZ9KQanSqYXRcF8fBopzLHYxdM65zcjm,SOL,sponsored,$WIF (classic): token to SOL
9,0,sell,0.005,SOL,J3NKxxXZcnNiMjKw9hYb2K4LUxgwB6t1FtPtQVsv3KFr,sponsored,SPX (classic): SOL to token
9,0,sell,1.35,J3NKxxXZcnNiMjKw9hYb2K4LUxgwB6t1FtPtQVsv3KFr,SOL,sponsored,SPX (classic): token to SOL
10,0,sell,0.005,SOL,61V8vBaqAGMpgDQi4JcAwo1dmBGHsyhzodcPqnEVpump,sponsored,arc (classic): SOL to token
10,0,sell,8.03,61V8vBaqAGMpgDQi4JcAwo1dmBGHsyhzodcPqnEVpump,SOL,sponsored,arc (classic): token to SOL
11,0,sell,0.005,SOL,Ce2gx9KGXJ6C9Mp5b5x1sn9Mg87JwEbrQby4Zqo3pump,sponsored,neet (classic): SOL to token
11,0,sell,15,Ce2gx9KGXJ6C9Mp5b5x1sn9Mg87JwEbrQby4Zqo3pump,SOL,sponsored,neet (classic): token to SOL
12,0,sell,0.005,SOL,Xs8S1uUs1zvS2p7iwtsG3b6fkhpvmwz4GYU3gWAmWHZ,sponsored,QQQx (token-2022: permanentDelegate defaultAccountState scaledUiAmountConfig pausableConfig confidentialTransferMint transferHook): SOL to token
12,0,sell,0.000689,Xs8S1uUs1zvS2p7iwtsG3b6fkhpvmwz4GYU3gWAmWHZ,SOL,sponsored,QQQx (token-2022: permanentDelegate defaultAccountState scaledUiAmountConfig pausableConfig confidentialTransferMint transferHook): token to SOL
13,0,sell,0.005,SOL,8K5X85PAJHAAVSvYaAzgVPPAPsqqHmvx16ZyBiscYF8L,sponsored,CTO (classic): SOL to token
13,0,sell,9830,8K5X85PAJHAAVSvYaAzgVPPAPsqqHmvx16ZyBiscYF8L,SOL,sponsored,CTO (classic): token to SOL
14,0,sell,0.005,SOL,GY9mZfyPpxXxBXBxS2hB2XjhP3kfUsywTvgveozxpump,sponsored,ELON (token-2022): SOL to token
14,0,sell,1280,GY9mZfyPpxXxBXBxS2hB2XjhP3kfUsywTvgveozxpump,SOL,sponsored,ELON (token-2022): token to SOL
15,0,sell,0.005,SOL,jtojtomepa8beP8AuQc6eXt5FriJwfFMwQx2v2f9mCL,sponsored,JTO (classic): SOL to token
15,0,sell,1.06,jtojtomepa8beP8AuQc6eXt5FriJwfFMwQx2v2f9mCL,SOL,sponsored,JTO (classic): token to SOL
16,0,sell,0.005,SOL,zj1jpp7QMveWHLs61vL9KMZf254KvW7j4AAmBF8ry2k,sponsored,BULLSHIT (classic): SOL to token
16,0,sell,678,zj1jpp7QMveWHLs61vL9KMZf254KvW7j4AAmBF8ry2k,SOL,sponsored,BULLSHIT (classic): token to SOL
17,0,sell,0.005,SOL,SKRbvo6Gf7GondiT3BbTfuRDPqLWei4j2Qy2NPGZhW3,sponsored,SKR (classic): SOL to token
17,0,sell,32.3,SKRbvo6Gf7GondiT3BbTfuRDPqLWei4j2Qy2NPGZhW3,SOL,sponsored,SKR (classic): token to SOL
18,0,sell,0.005,SOL,Grass7B4RdKfBCjTKgSqnXkqjwiGvQyFbuSCUJr3XXjs,sponsored,GRASS (classic): SOL to token
18,0,sell,0.815,Grass7B4RdKfBCjTKgSqnXkqjwiGvQyFbuSCUJr3XXjs,SOL,sponsored,GRASS (classic): token to SOL
19,0,sell,0.005,SOL,USDSwr9ApdHk5bvJKMjzff41FfuX8bSxdKcR81vTwcA,sponsored,USDS (classic): SOL to token
19,0,sell,0.523,USDSwr9ApdHk5bvJKMjzff41FfuX8bSxdKcR81vTwcA,SOL,sponsored,USDS (classic): token to SOL
20,0,sell,0.005,SOL,GbbesPbaYh5uiAZSYNXTc7w9jty1rpg3P9L4JeN4LkKc,sponsored,TRX (classic): SOL to token
20,0,sell,1.56,GbbesPbaYh5uiAZSYNXTc7w9jty1rpg3P9L4JeN4LkKc,SOL,sponsored,TRX (classic): token to SOL
21,0,sell,0.005,SOL,7JA5eZdCzztSfQbJvS8aVVxMFfd81Rs9VvwnocV1mKHu,sponsored,GEOD (classic): SOL to token
21,0,sell,1.76,7JA5eZdCzztSfQbJvS8aVVxMFfd81Rs9VvwnocV1mKHu,SOL,sponsored,GEOD (classic): token to SOL
22,0,sell,0.005,SOL,RmtMAYVTTFv2iK9muMrXEoAnSSsZPPgRPbqZCKwNDYk,sponsored,EYE (classic): SOL to token
22,0,sell,6450,RmtMAYVTTFv2iK9muMrXEoAnSSsZPPgRPbqZCKwNDYk,SOL,sponsored,EYE (classic): token to SOL
23,0,sell,0.005,SOL,4ko5tSr5o3H4v1sFtjTSd9MPUW7yx5AFCpkNPoL6pump,sponsored,febu (token-2022): SOL to token
23,0,sell,9510,4ko5tSr5o3H4v1sFtjTSd9MPUW7yx5AFCpkNPoL6pump,SOL,sponsored,febu (token-2022): token to SOL
24,0,sell,0.005,SOL,BoTx8y9ynfdxf5ZjWtCoBVkff52qKA82ysaLU8ZM6d8T,sponsored,BOT (token-2022: permanentDelegate defaultAccountState pausableConfig confidentialTransferMint transferHook scaledUiAmountConfig): SOL to token
24,0,sell,0.0179,BoTx8y9ynfdxf5ZjWtCoBVkff52qKA82ysaLU8ZM6d8T,SOL,sponsored,BOT (token-2022: permanentDelegate defaultAccountState pausableConfig confidentialTransferMint transferHook scaledUiAmountConfig): token to SOL
25,0,sell,0.005,SOL,C1mBfBoDkwWfd6uTFZp62ARHLjeVp3bDpCDMfMZtPngE,sponsored,HOOKED (classic): SOL to token
25,0,sell,91.5,C1mBfBoDkwWfd6uTFZp62ARHLjeVp3bDpCDMfMZtPngE,SOL,sponsored,HOOKED (classic): token to SOL
26,0,sell,0.005,SOL,Xsa62P5mvPszXL1krVUnU5ar38bBSVcWAB6fmPCo5Zu,sponsored,METAx (token-2022: permanentDelegate defaultAccountState scaledUiAmountConfig pausableConfig confidentialTransferMint transferHook): SOL to token
26,0,sell,0.00072,Xsa62P5mvPszXL1krVUnU5ar38bBSVcWAB6fmPCo5Zu,SOL,sponsored,METAx (token-2022: permanentDelegate defaultAccountState scaledUiAmountConfig pausableConfig confidentialTransferMint transferHook): token to SOL
27,0,sell,0.005,SOL,mSoLzYCxHdYgdzU16g5QSh3i5K3z3KZK7ytfqcJm7So,sponsored,mSOL (classic): SOL to token
27,0,sell,0.00319,mSoLzYCxHdYgdzU16g5QSh3i5K3z3KZK7ytfqcJm7So,SOL,sponsored,mSOL (classic): token to SOL
28,0,sell,0.005,SOL,4sWNB8zGWHkh6UnmwiEtzNxL4XrN7uK9tosbESbJFfVs,sponsored,xSOL (classic): SOL to token
28,0,sell,6.05,4sWNB8zGWHkh6UnmwiEtzNxL4XrN7uK9tosbESbJFfVs,SOL,sponsored,xSOL (classic): token to SOL
29,0,sell,0.005,SOL,9Pfync3ejPC9eHqVzq3nYQJAhyhjqpnB9UsaSfLxpump,sponsored,KET (classic): SOL to token
29,0,sell,171,9Pfync3ejPC9eHqVzq3nYQJAhyhjqpnB9UsaSfLxpump,SOL,sponsored,KET (classic): token to SOL
30,0,sell,0.005,SOL,oreoU2P8bN6jkk3jbaiVxYnG1dCXcYxwhwyK9jSybcp,sponsored,ORE (classic): SOL to token
30,0,sell,0.00467,oreoU2P8bN6jkk3jbaiVxYnG1dCXcYxwhwyK9jSybcp,SOL,sponsored,ORE (classic): token to SOL
1,0,sell,0.005,SOL,Xsv9hRk1z5ystj9MhnA7Lq4vjSsLwzL2nxrwmwtD3re,sponsored,GLDx (token-2022: permanentDelegate defaultAccountState scaledUiAmountConfig pausableConfig confidentialTransferMint transferHook): SOL to token
1,0,sell,0.00139,Xsv9hRk1z5ystj9MhnA7Lq4vjSsLwzL2nxrwmwtD3re,SOL,sponsored,GLDx (token-2022: permanentDelegate defaultAccountState scaledUiAmountConfig pausableConfig confidentialTransferMint transferHook): token to SOL
2,0,sell,0.005,SOL,G7vQWurMkMMm2dU3iZpXYFTHT9Biio4F4gZCrwFpKNwG,sponsored,BIRB (classic): SOL to token
2,0,sell,8.9,G7vQWurMkMMm2dU3iZpXYFTHT9Biio4F4gZCrwFpKNwG,SOL,sponsored,BIRB (classic): token to SOL
3,0,sell,0.005,SOL,XspzcW1PRtgf6Wj92HCiZdjzKCyFekVD8P5Ueh3dRMX,sponsored,MSFTx (token-2022: permanentDelegate defaultAccountState scaledUiAmountConfig pausableConfig confidentialTransferMint transferHook): SOL to token
3,0,sell,0.000984,XspzcW1PRtgf6Wj92HCiZdjzKCyFekVD8P5Ueh3dRMX,SOL,sponsored,MSFTx (token-2022: permanentDelegate defaultAccountState scaledUiAmountConfig pausableConfig confidentialTransferMint transferHook): token to SOL
4,0,sell,0.005,SOL,DKu9kykSfbN5LBfFXtNNDPaX35o4Fv6vJ9FKk7pZpump,sponsored,AVA (classic): SOL to token
4,0,sell,56.6,DKu9kykSfbN5LBfFXtNNDPaX35o4Fv6vJ9FKk7pZpump,SOL,sponsored,AVA (classic): token to SOL
5,0,sell,0.005,SOL,Cm6fNnMk7NfzStP9CZpsQA2v3jjzbcYGAxdJySmHpump,sponsored,Buttcoin (token-2022): SOL to token
5,0,sell,64.5,Cm6fNnMk7NfzStP9CZpsQA2v3jjzbcYGAxdJySmHpump,SOL,sponsored,Buttcoin (token-2022): token to SOL
6,0,sell,0.005,SOL,7Y7V1a4m2nWK7BMgbka5B4vR1pDvCK7yva3Hnrqkraze,sponsored,NASDUCK (token-2022): SOL to token
6,0,sell,3310,7Y7V1a4m2nWK7BMgbka5B4vR1pDvCK7yva3Hnrqkraze,SOL,sponsored,NASDUCK (token-2022): token to SOL
7,0,sell,0.005,SOL,9aqmJjCnnMQv42TXLk921ceUkN35nea2QP969n1caqjj,sponsored,SI (token-2022): SOL to token
7,0,sell,515,9aqmJjCnnMQv42TXLk921ceUkN35nea2QP969n1caqjj,SOL,sponsored,SI (token-2022): token to SOL
8,0,sell,0.005,SOL,DJTu7vi8norVzdVAffgvb39VP7wjKeTsgaMBJrzfxvoF,sponsored,DJT (token-2022: permanentDelegate defaultAccountState pausableConfig confidentialTransferMint transferHook scaledUiAmountConfig): SOL to token
8,0,sell,0.064,DJTu7vi8norVzdVAffgvb39VP7wjKeTsgaMBJrzfxvoF,SOL,sponsored,DJT (token-2022: permanentDelegate defaultAccountState pausableConfig confidentialTransferMint transferHook scaledUiAmountConfig): token to SOL
9,0,sell,0.005,SOL,7V6Sk63y8Rr1MvcN5mYNp61wgFhy4EeQg5gUASk9pump,sponsored,HBULL (token-2022): SOL to token
9,0,sell,4500,7V6Sk63y8Rr1MvcN5mYNp61wgFhy4EeQg5gUASk9pump,SOL,sponsored,HBULL (token-2022): token to SOL
10,0,sell,0.005,SOL,XsCPL9dNWBMvFtTmwcCA5v3xWPSMEBCszbQdiLLq6aN,sponsored,GOOGLx (token-2022: permanentDelegate defaultAccountState scaledUiAmountConfig pausableConfig confidentialTransferMint transferHook): SOL to token
10,0,sell,0.0015,XsCPL9dNWBMvFtTmwcCA5v3xWPSMEBCszbQdiLLq6aN,SOL,sponsored,GOOGLx (token-2022: permanentDelegate defaultAccountState scaledUiAmountConfig pausableConfig confidentialTransferMint transferHook): token to SOL
11,0,sell,0.005,SOL,JDzPbXboQYWVmdxXS3LbvjM52RtsV1QaSv2AzoCiai2o,sponsored,FO (classic): SOL to token
11,0,sell,3.64,JDzPbXboQYWVmdxXS3LbvjM52RtsV1QaSv2AzoCiai2o,SOL,sponsored,FO (classic): token to SOL
12,0,sell,0.005,SOL,Xs7ZdzSHLU9ftNJsii5fCeJhoRWSC32SQGzGQtePxNu,sponsored,COINx (token-2022: permanentDelegate defaultAccountState scaledUiAmountConfig pausableConfig confidentialTransferMint transferHook): SOL to token
12,0,sell,0.00294,Xs7ZdzSHLU9ftNJsii5fCeJhoRWSC32SQGzGQtePxNu,SOL,sponsored,COINx (token-2022: permanentDelegate defaultAccountState scaledUiAmountConfig pausableConfig confidentialTransferMint transferHook): token to SOL
13,0,sell,0.005,SOL,B4ptaVsUe6YbtBwAS38WFeweSrVNfQLCcj9JRrtjU8vn,sponsored,SOLdiers (token-2022): SOL to token
13,0,sell,13000,B4ptaVsUe6YbtBwAS38WFeweSrVNfQLCcj9JRrtjU8vn,SOL,sponsored,SOLdiers (token-2022): token to SOL
14,0,sell,0.005,SOL,DoVAVzViX8Bjy3r15nwikSaSbzE6dV4ovd28aWpJpump,sponsored,HIGGS (token-2022): SOL to token
14,0,sell,357,DoVAVzViX8Bjy3r15nwikSaSbzE6dV4ovd28aWpJpump,SOL,sponsored,HIGGS (token-2022): token to SOL
15,0,sell,0.005,SOL,7GCihgDB8fe6KNjn2MYtkzZcRjQy3t9GHdC8uHYmW2hr,sponsored,POPCAT (classic): SOL to token
15,0,sell,10.9,7GCihgDB8fe6KNjn2MYtkzZcRjQy3t9GHdC8uHYmW2hr,SOL,sponsored,POPCAT (classic): token to SOL
16,0,sell,0.005,SOL,HNg5PYJmtqcmzXrv6S9zP1CDKk5BgDuyFBxbvNApump,sponsored,ALCH (classic): SOL to token
16,0,sell,11.7,HNg5PYJmtqcmzXrv6S9zP1CDKk5BgDuyFBxbvNApump,SOL,sponsored,ALCH (classic): token to SOL
17,0,sell,0.005,SOL,8x5VqbHA8D7NkD52uNuS5nnt3PwA8pLD34ymskeSo2Wn,sponsored,ZEREBRO (classic): SOL to token
17,0,sell,17.9,8x5VqbHA8D7NkD52uNuS5nnt3PwA8pLD34ymskeSo2Wn,SOL,sponsored,ZEREBRO (classic): token to SOL
18,0,sell,0.005,SOL,BcHEaaTCvycPwwsJ9yQTXdHP9X2gCLkznDbZ8VySpump,sponsored,Jotchua (token-2022): SOL to token
18,0,sell,355,BcHEaaTCvycPwwsJ9yQTXdHP9X2gCLkznDbZ8VySpump,SOL,sponsored,Jotchua (token-2022): token to SOL
19,0,sell,0.005,SOL,PEAQjk7SRS6rXHVFFmpRr7zrC4g5ZuEebpwTxvaLr3b,sponsored,PEAQ (classic): SOL to token
19,0,sell,12.9,PEAQjk7SRS6rXHVFFmpRr7zrC4g5ZuEebpwTxvaLr3b,SOL,sponsored,PEAQ (classic): token to SOL
20,0,sell,0.005,SOL,BXoHJddsWJLHtAopeiSbKUSELsu8hSFMs8baGMDkpump,sponsored,CRAWL (token-2022): SOL to token
20,0,sell,186,BXoHJddsWJLHtAopeiSbKUSELsu8hSFMs8baGMDkpump,SOL,sponsored,CRAWL (token-2022): token to SOL
21,0,sell,0.005,SOL,EEpng77ZPn9FbgbT4xsRjwuxNCcMBYq3HTwEscyTpump,sponsored,HeeHaw (token-2022): SOL to token
21,0,sell,3970,EEpng77ZPn9FbgbT4xsRjwuxNCcMBYq3HTwEscyTpump,SOL,sponsored,HeeHaw (token-2022): token to SOL
22,0,sell,0.005,SOL,6UpQcMAb5xMzxc7ZfPaVMgx3KqsvKZdT5U718BzD5We2,sponsored,wXRP (classic): SOL to token
22,0,sell,0.364,6UpQcMAb5xMzxc7ZfPaVMgx3KqsvKZdT5U718BzD5We2,SOL,sponsored,wXRP (classic): token to SOL
23,0,sell,0.005,SOL,DpBzjtgGLF7QA9Ug3eUVGbnqa6j3jvYBn1XuQuktvfhm,sponsored,DOGE-1 (classic): SOL to token
23,0,sell,7350,DpBzjtgGLF7QA9Ug3eUVGbnqa6j3jvYBn1XuQuktvfhm,SOL,sponsored,DOGE-1 (classic): token to SOL
24,0,sell,0.005,SOL,E3i7sTY5QYEBh3itepnomZQt7Eh5kzmHFk1vkm2pump,sponsored,cc (token-2022): SOL to token
24,0,sell,1830,E3i7sTY5QYEBh3itepnomZQt7Eh5kzmHFk1vkm2pump,SOL,sponsored,cc (token-2022): token to SOL
25,0,sell,0.005,SOL,Dfh5DzRgSvvCFDoYc2ciTkMrbDfRKybA4SoFbPmApump,sponsored,pippin (classic): SOL to token
25,0,sell,30.1,Dfh5DzRgSvvCFDoYc2ciTkMrbDfRKybA4SoFbPmApump,SOL,sponsored,pippin (classic): token to SOL
26,0,sell,0.005,SOL,HmJDgky11u77hpBss6D8sjNpYPD5B6fWgSVDj58jpump,sponsored,SOLCAT (token-2022): SOL to token
26,0,sell,6090,HmJDgky11u77hpBss6D8sjNpYPD5B6fWgSVDj58jpump,SOL,sponsored,SOLCAT (token-2022): token to SOL
27,0,sell,0.005,SOL,2bpT3ksMdwdZ6DuHyq3FDUr7HDwvZ5DRZoT1fUPALJaH,sponsored,RIV (classic): SOL to token
27,0,sell,133,2bpT3ksMdwdZ6DuHyq3FDUr7HDwvZ5DRZoT1fUPALJaH,SOL,sponsored,RIV (classic): token to SOL
28,0,sell,0.005,SOL,8XtRWb4uAAJFMP4QQhoYYCWR6XXb7ybcCdiqPwz9s5WS,sponsored,ALON (classic): SOL to token
28,0,sell,117,8XtRWb4uAAJFMP4QQhoYYCWR6XXb7ybcCdiqPwz9s5WS,SOL,sponsored,ALON (classic): token to SOL
29,0,sell,0.005,SOL,AVBN6kXdaw27ySuvMevKYzNTL8d39b7sGQFDCmsvpump,sponsored,PINK (token-2022): SOL to token
29,0,sell,3200,AVBN6kXdaw27ySuvMevKYzNTL8d39b7sGQFDCmsvpump,SOL,sponsored,PINK (token-2022): token to SOL
30,0,sell,0.005,SOL,hntyVP6YFm1Hg25TN9WGLqM12b8TQmcknKrdu1oxWux,sponsored,HNT (classic): SOL to token
30,0,sell,1,hntyVP6YFm1Hg25TN9WGLqM12b8TQmcknKrdu1oxWux,SOL,sponsored,HNT (classic): token to SOL
1,0,sell,0.005,SOL,3ThdFZQKM6kRyVGLG48kaPg5TRMhYMKY1iCRa9xop1WC,sponsored,eUSX (classic): SOL to token
1,0,sell,0.5,3ThdFZQKM6kRyVGLG48kaPg5TRMhYMKY1iCRa9xop1WC,SOL,sponsored,eUSX (classic): token to SOL
2,0,sell,0.005,SOL,VJdpSDDLof7HuZiNmsRUSL4YCncsk1FGiVoHyAJpump,sponsored,BREAKING (token-2022): SOL to token
2,0,sell,89200,VJdpSDDLof7HuZiNmsRUSL4YCncsk1FGiVoHyAJpump,SOL,sponsored,BREAKING (token-2022): token to SOL
3,0,sell,0.005,SOL,Xsf9mBktVB9BSU5kf4nHxPq5hCBJ2j2ui3ecFGxPRGc,sponsored,GMEx (token-2022: permanentDelegate defaultAccountState scaledUiAmountConfig pausableConfig confidentialTransferMint transferHook): SOL to token
3,0,sell,0.0212,Xsf9mBktVB9BSU5kf4nHxPq5hCBJ2j2ui3ecFGxPRGc,SOL,sponsored,GMEx (token-2022: permanentDelegate defaultAccountState scaledUiAmountConfig pausableConfig confidentialTransferMint transferHook): token to SOL
4,0,sell,0.005,SOL,3BgwJ8b7b9hHX4sgfZ2KJhv9496CoVfsMK2YePevsBRw,sponsored,EPIK (classic): SOL to token
4,0,sell,255,3BgwJ8b7b9hHX4sgfZ2KJhv9496CoVfsMK2YePevsBRw,SOL,sponsored,EPIK (classic): token to SOL
5,0,sell,0.005,SOL,XsvNBAYkrDRNhA7wPHQfX3ZUXZyZLdnCQDfHZ56bzpg,sponsored,HOODx (token-2022: permanentDelegate defaultAccountState scaledUiAmountConfig pausableConfig confidentialTransferMint transferHook): SOL to token
5,0,sell,0.0048,XsvNBAYkrDRNhA7wPHQfX3ZUXZyZLdnCQDfHZ56bzpg,SOL,sponsored,HOODx (token-2022: permanentDelegate defaultAccountState scaledUiAmountConfig pausableConfig confidentialTransferMint transferHook): token to SOL
6,0,sell,0.005,SOL,XsbEhLAtcf6HdfpFZ5xEMdqW8nfAvcsP5bdudRLJzJp,sponsored,AAPLx (token-2022: permanentDelegate defaultAccountState scaledUiAmountConfig pausableConfig confidentialTransferMint transferHook): SOL to token
6,0,sell,0.00155,XsbEhLAtcf6HdfpFZ5xEMdqW8nfAvcsP5bdudRLJzJp,SOL,sponsored,AAPLx (token-2022: permanentDelegate defaultAccountState scaledUiAmountConfig pausableConfig confidentialTransferMint transferHook): token to SOL
7,0,sell,0.005,SOL,PerPsCe2SJ7Q25CN4R5TTX4fmBdmknE2hQmqCt96fHL,sponsored,PERPSPAD (classic): SOL to token
7,0,sell,245,PerPsCe2SJ7Q25CN4R5TTX4fmBdmknE2hQmqCt96fHL,SOL,sponsored,PERPSPAD (classic): token to SOL
8,0,sell,0.005,SOL,6ehEcTMCc85aNF4x9CWx8HuvWGhxQtvKdhKVf2HDpump,sponsored,TOESCOIN (token-2022): SOL to token
8,0,sell,2700,6ehEcTMCc85aNF4x9CWx8HuvWGhxQtvKdhKVf2HDpump,SOL,sponsored,TOESCOIN (token-2022): token to SOL
9,0,sell,0.005,SOL,GCa9TZMK9Q3VUSkhZgX76YAQBjqQd1dPxkBnZojFpump,sponsored,Plumber (token-2022): SOL to token
9,0,sell,16000,GCa9TZMK9Q3VUSkhZgX76YAQBjqQd1dPxkBnZojFpump,SOL,sponsored,Plumber (token-2022): token to SOL
10,0,sell,0.005,SOL,D1YZZg9dBZ7AbfknZVbaeVLto36eySwoFYEVhZrD4F4n,sponsored,GO (classic): SOL to token
10,0,sell,1950,D1YZZg9dBZ7AbfknZVbaeVLto36eySwoFYEVhZrD4F4n,SOL,sponsored,GO (classic): token to SOL
11,0,sell,0.005,SOL,Df6yfrKC8kZE3KNkrHERKzAetSxbrWeniQfyJY4Jpump,sponsored,CHILLGUY (classic): SOL to token
11,0,sell,44.2,Df6yfrKC8kZE3KNkrHERKzAetSxbrWeniQfyJY4Jpump,SOL,sponsored,CHILLGUY (classic): token to SOL
12,0,sell,0.005,SOL,AyYNfPtftg2zDP4ZbgcoQMggQtwLh4zpfVVmUJs2thto,sponsored,Tilcayo (token-2022): SOL to token
12,0,sell,1860,AyYNfPtftg2zDP4ZbgcoQMggQtwLh4zpfVVmUJs2thto,SOL,sponsored,Tilcayo (token-2022): token to SOL
13,0,sell,0.005,SOL,MEW1gQWJ3nEXg2qgERiKu7FAFj79PHvQVREQUzScPP5,sponsored,MEW (classic): SOL to token
13,0,sell,1080,MEW1gQWJ3nEXg2qgERiKu7FAFj79PHvQVREQUzScPP5,SOL,sponsored,MEW (classic): token to SOL
14,0,sell,0.005,SOL,91ryaCo5yGpYZM3bs6GUPs97VWJQj7RozBmqPULgpump,sponsored,TIGRINO (token-2022): SOL to token
14,0,sell,14200,91ryaCo5yGpYZM3bs6GUPs97VWJQj7RozBmqPULgpump,SOL,sponsored,TIGRINO (token-2022): token to SOL
15,0,sell,0.005,SOL,5tCju6YNxHq5zrA6tGndr6F7TK42mpUFmeE31cSFpump,sponsored,swordcat (token-2022): SOL to token
15,0,sell,256,5tCju6YNxHq5zrA6tGndr6F7TK42mpUFmeE31cSFpump,SOL,sponsored,swordcat (token-2022): token to SOL
16,0,sell,0.005,SOL,KENJSUYLASHUMfHyy5o4Hp2FdNqZg1AsUPhfH2kYvEP,sponsored,GRIFFAIN (classic): SOL to token
16,0,sell,28.6,KENJSUYLASHUMfHyy5o4Hp2FdNqZg1AsUPhfH2kYvEP,SOL,sponsored,GRIFFAIN (classic): token to SOL
17,0,sell,0.005,SOL,rndrizKT3MK1iimdxRdWabcF7Zg7AR5T4nud4EkHBof,sponsored,RENDER (classic): SOL to token
17,0,sell,0.258,rndrizKT3MK1iimdxRdWabcF7Zg7AR5T4nud4EkHBof,SOL,sponsored,RENDER (classic): token to SOL
18,0,sell,0.005,SOL,DtR4D9FtVoTX2569gaL837ZgrB6wNjj6tkmnX9Rdk9B2,sponsored,aura (classic): SOL to token
18,0,sell,62,DtR4D9FtVoTX2569gaL837ZgrB6wNjj6tkmnX9Rdk9B2,SOL,sponsored,aura (classic): token to SOL
19,0,sell,0.005,SOL,7ga6rtE9qSb3wdEiDCpTu2kHqoGVfT52jD8ign1rYTvx,sponsored,xHYPE (classic): SOL to token
19,0,sell,0.232,7ga6rtE9qSb3wdEiDCpTu2kHqoGVfT52jD8ign1rYTvx,SOL,sponsored,xHYPE (classic): token to SOL
20,0,sell,0.005,SOL,METAwkXcqyXKy1AtsSgJ8JiUHwGCafnZL38n3vYmeta,sponsored,META (classic): SOL to token
20,0,sell,0.0875,METAwkXcqyXKy1AtsSgJ8JiUHwGCafnZL38n3vYmeta,SOL,sponsored,META (classic): token to SOL
21,0,sell,0.005,SOL,9sfCHMLWSVy6MD6zr7pR1gD3qbT7C6K1E3dMf2ZBpump,sponsored,LAYOOO (token-2022): SOL to token
21,0,sell,1570,9sfCHMLWSVy6MD6zr7pR1gD3qbT7C6K1E3dMf2ZBpump,SOL,sponsored,LAYOOO (token-2022): token to SOL
22,0,sell,0.005,SOL,SLXdx4BUt2v9uJQNzWqSfzTJ9UKLUDsvxHFMEEdrfgq,sponsored,SLX (classic): SOL to token
22,0,sell,8.95,SLXdx4BUt2v9uJQNzWqSfzTJ9UKLUDsvxHFMEEdrfgq,SOL,sponsored,SLX (classic): token to SOL
23,0,sell,0.005,SOL,Tqj8yFmagrg7oorpQkVGYR52r96RFTamvWfth9bpump,sponsored,KINS (token-2022): SOL to token
23,0,sell,754,Tqj8yFmagrg7oorpQkVGYR52r96RFTamvWfth9bpump,SOL,sponsored,KINS (token-2022): token to SOL
24,0,sell,0.005,SOL,EkcTa8n14fXcHdfvZqCg72cTCutJnnKb19vcHwKTpump,sponsored,Qenis (token-2022): SOL to token
24,0,sell,2320,EkcTa8n14fXcHdfvZqCg72cTCutJnnKb19vcHwKTpump,SOL,sponsored,Qenis (token-2022): token to SOL
25,0,sell,0.005,SOL,7fDdLy2rmQKsPCkqUXEd1mN7yDfEzArc4VrctWmfkJBK,sponsored,Z500 (classic): SOL to token
25,0,sell,13900,7fDdLy2rmQKsPCkqUXEd1mN7yDfEzArc4VrctWmfkJBK,SOL,sponsored,Z500 (classic): token to SOL
26,0,sell,0.005,SOL,CortexFv3fRcLKTgACr7aLqckGh5eP7TP3z9JHoKqMc6,sponsored,CX (classic): SOL to token
26,0,sell,15.3,CortexFv3fRcLKTgACr7aLqckGh5eP7TP3z9JHoKqMc6,SOL,sponsored,CX (classic): token to SOL
27,0,sell,0.005,SOL,EpXtn6xGoZ4Y45vRjiDUHSCGbBoJD5FaEqZbF98YswH1,sponsored,MADE (token-2022): SOL to token
27,0,sell,416,EpXtn6xGoZ4Y45vRjiDUHSCGbBoJD5FaEqZbF98YswH1,SOL,sponsored,MADE (token-2022): token to SOL
28,0,sell,0.005,SOL,8k4sBtEeK4pf26noKqApv8NBTnuSJcbdwpKYknk5PbAA,sponsored,CALI (token-2022): SOL to token
28,0,sell,392,8k4sBtEeK4pf26noKqApv8NBTnuSJcbdwpKYknk5PbAA,SOL,sponsored,CALI (token-2022): token to SOL
29,0,sell,0.005,SOL,5oVNBeEEQvYi1cX3ir8Dx5n1P7pdxydbGF2X4TxVusJm,sponsored,INF (classic): SOL to token
29,0,sell,0.0031,5oVNBeEEQvYi1cX3ir8Dx5n1P7pdxydbGF2X4TxVusJm,SOL,sponsored,INF (classic): token to SOL
30,0,sell,0.005,SOL,AymATz4TCL9sWNEEV9Kvyz45CHVhDZ6kUgjTJPzLpU9P,sponsored,XAUt0 (classic): SOL to token
30,0,sell,0.000126,AymATz4TCL9sWNEEV9Kvyz45CHVhDZ6kUgjTJPzLpU9P,SOL,sponsored,XAUt0 (classic): token to SOL
1,0,sell,0.005,SOL,ZBCNpuD7YMXzTHB2fhGkGi78MNsHGLRXUhRewNRm9RU,sponsored,ZBCN (classic): SOL to token
1,0,sell,218,ZBCNpuD7YMXzTHB2fhGkGi78MNsHGLRXUhRewNRm9RU,SOL,sponsored,ZBCN (classic): token to SOL
2,0,sell,0.005,SOL,XsqE9cRRpzxcGKDXj1BJ7Xmg4GRhZoyY1KpmGSxAWT2,sponsored,MCDx (token-2022: permanentDelegate defaultAccountState scaledUiAmountConfig pausableConfig confidentialTransferMint transferHook): SOL to token
2,0,sell,0.00221,XsqE9cRRpzxcGKDXj1BJ7Xmg4GRhZoyY1KpmGSxAWT2,SOL,sponsored,MCDx (token-2022: permanentDelegate defaultAccountState scaledUiAmountConfig pausableConfig confidentialTransferMint transferHook): token to SOL
3,0,sell,0.005,SOL,4D8qUHm334fxqeTauPvF8gQ7fYgrD4Mpmb1Wy6ftUSWR,sponsored,USWR (token-2022): SOL to token
3,0,sell,1190,4D8qUHm334fxqeTauPvF8gQ7fYgrD4Mpmb1Wy6ftUSWR,SOL,sponsored,USWR (token-2022): token to SOL
4,0,sell,0.005,SOL,6oGuFDbEeaSzTcvrmmd2MqfNYwHKXFoN7regcR22pump,sponsored,NEEGY (token-2022): SOL to token
4,0,sell,7040,6oGuFDbEeaSzTcvrmmd2MqfNYwHKXFoN7regcR22pump,SOL,sponsored,NEEGY (token-2022): token to SOL
5,0,sell,0.005,SOL,3kmygWKZBkCYrgZHKfiuB9UFKTcDLTFFsKo3BWpmpump,sponsored,PARASITE (token-2022): SOL to token
5,0,sell,4640,3kmygWKZBkCYrgZHKfiuB9UFKTcDLTFFsKo3BWpmpump,SOL,sponsored,PARASITE (token-2022): token to SOL
6,0,sell,0.005,SOL,EKtmPPLaCbEEKiwoHHtV7TsRsmPXs5CMGtQtZFSiinsc,sponsored,Stamp (token-2022): SOL to token
6,0,sell,1680,EKtmPPLaCbEEKiwoHHtV7TsRsmPXs5CMGtQtZFSiinsc,SOL,sponsored,Stamp (token-2022): token to SOL
7,0,sell,0.005,SOL,CtzPWv73Sn1dMGVU3ZtLv9yWSyUAanBni19YWDaznnkn,sponsored,xBTC (classic): SOL to token
7,0,sell,0.00000628,CtzPWv73Sn1dMGVU3ZtLv9yWSyUAanBni19YWDaznnkn,SOL,sponsored,xBTC (classic): token to SOL
8,0,sell,0.005,SOL,FeMbDoX7R1Psc4GEcvJdsbNbZA3bfztcyDCatJVJpump,sponsored,three (token-2022): SOL to token
8,0,sell,1190,FeMbDoX7R1Psc4GEcvJdsbNbZA3bfztcyDCatJVJpump,SOL,sponsored,three (token-2022): token to SOL
9,0,sell,0.005,SOL,5mH155ePpNWJb2GktpftLJbcTvoxFaUrv7XkZPDtpump,sponsored,catalyst (token-2022): SOL to token
9,0,sell,26600,5mH155ePpNWJb2GktpftLJbcTvoxFaUrv7XkZPDtpump,SOL,sponsored,catalyst (token-2022): token to SOL
10,0,sell,0.005,SOL,FeR8VBqNRSUD5NtXAj2n3j1dAHkZHfyDktKuLXD4pump,sponsored,jellyjelly (classic): SOL to token
10,0,sell,9.73,FeR8VBqNRSUD5NtXAj2n3j1dAHkZHfyDktKuLXD4pump,SOL,sponsored,jellyjelly (classic): token to SOL
11,0,sell,0.005,SOL,CVhWiQ2SBhpTJ3xAR3ekf3uf8Ns2tNzj3mEtzKSpump,sponsored,WINGIT (token-2022): SOL to token
11,0,sell,98600,CVhWiQ2SBhpTJ3xAR3ekf3uf8Ns2tNzj3mEtzKSpump,SOL,sponsored,WINGIT (token-2022): token to SOL
12,0,sell,0.005,SOL,ED5nyyWEzpPPiWimP8vYm7sD7TD3LAt3Q3gRTWHzPJBY,sponsored,MOODENG (classic): SOL to token
12,0,sell,12.3,ED5nyyWEzpPPiWimP8vYm7sD7TD3LAt3Q3gRTWHzPJBY,SOL,sponsored,MOODENG (classic): token to SOL
13,0,sell,0.005,SOL,B62socheoeJVqiKnihcR96g61tzALYwcMsE91Sw6pump,sponsored,BOP (token-2022): SOL to token
13,0,sell,29400,B62socheoeJVqiKnihcR96g61tzALYwcMsE91Sw6pump,SOL,sponsored,BOP (token-2022): token to SOL
14,0,sell,0.005,SOL,42cXQvAAr7hcPBPWAS4ocVtDyeJ4Fa6gRR2uG4gppump,sponsored,TBB (token-2022): SOL to token
14,0,sell,68.7,42cXQvAAr7hcPBPWAS4ocVtDyeJ4Fa6gRR2uG4gppump,SOL,sponsored,TBB (token-2022): token to SOL
15,0,sell,0.005,SOL,7nLukVng5teXze14rum9v57juXLjUp7JJnCveko1pump,sponsored,Martians (classic): SOL to token
15,0,sell,3930,7nLukVng5teXze14rum9v57juXLjUp7JJnCveko1pump,SOL,sponsored,Martians (classic): token to SOL
16,0,sell,0.005,SOL,METAewgxyPbgwsseH8T16a39CQ5VyVxZi9zXiDPY18m,sponsored,MPLX (classic): SOL to token
16,0,sell,9.81,METAewgxyPbgwsseH8T16a39CQ5VyVxZi9zXiDPY18m,SOL,sponsored,MPLX (classic): token to SOL
17,0,sell,0.005,SOL,jLz71QZfjnZZMLjUaCBw7KmUyftkkNq8NkWi2u9dyap,sponsored,YAP (token-2022): SOL to token
17,0,sell,22500,jLz71QZfjnZZMLjUaCBw7KmUyftkkNq8NkWi2u9dyap,SOL,sponsored,YAP (token-2022): token to SOL
18,0,sell,0.005,SOL,CrJPSvj625TnPdWS42aG5ybMcHeFvnNqq5AExVespump,sponsored,Momota (token-2022): SOL to token
18,0,sell,17300,CrJPSvj625TnPdWS42aG5ybMcHeFvnNqq5AExVespump,SOL,sponsored,Momota (token-2022): token to SOL
19,0,sell,0.005,SOL,2qEHjDLDLbuBgRYvsxhc5D6uDWAivNFZGan56P1tpump,sponsored,Pnut (classic): SOL to token
19,0,sell,10.7,2qEHjDLDLbuBgRYvsxhc5D6uDWAivNFZGan56P1tpump,SOL,sponsored,Pnut (classic): token to SOL
20,0,sell,0.005,SOL,6AJcP7wuLwmRYLBNbi825wgguaPsWzPBEHcHndpRpump,sponsored,VINE (classic): SOL to token
20,0,sell,67.5,6AJcP7wuLwmRYLBNbi825wgguaPsWzPBEHcHndpRpump,SOL,sponsored,VINE (classic): token to SOL
21,0,sell,0.005,SOL,HKJHsYJHMVK5VRyHHk5GhvzY9tBAAtPvDkZfDH6RLDTd,sponsored,READY (classic): SOL to token
21,0,sell,98.3,HKJHsYJHMVK5VRyHHk5GhvzY9tBAAtPvDkZfDH6RLDTd,SOL,sponsored,READY (classic): token to SOL
22,0,sell,0.005,SOL,7n8kRipxAQBfpGQtcGA2AbkM2HASSVCzqZ5F3QEopump,sponsored,Zoe (token-2022): SOL to token
22,0,sell,7330,7n8kRipxAQBfpGQtcGA2AbkM2HASSVCzqZ5F3QEopump,SOL,sponsored,Zoe (token-2022): token to SOL
23,0,sell,0.005,SOL,LBTCgU4b3wsFKsPwBn1rRZDx5DoFutM6RPiEt1TPDsY,sponsored,LBTC (classic): SOL to token
23,0,sell,0.00000626,LBTCgU4b3wsFKsPwBn1rRZDx5DoFutM6RPiEt1TPDsY,SOL,sponsored,LBTC (classic): token to SOL
24,0,sell,0.005,SOL,HKZDfZnkHZxd9agRDNPyDv4iT6LmAurJnpRtj9wpump,sponsored,MISTAKE (token-2022): SOL to token
24,0,sell,97.7,HKZDfZnkHZxd9agRDNPyDv4iT6LmAurJnpRtj9wpump,SOL,sponsored,MISTAKE (token-2022): token to SOL
25,0,sell,0.005,SOL,Eg2ymQ2aQqjMcibnmTt8erC6Tvk9PVpJZCxvVPJz2agu,sponsored,PUMPCADE (classic): SOL to token
25,0,sell,38.4,Eg2ymQ2aQqjMcibnmTt8erC6Tvk9PVpJZCxvVPJz2agu,SOL,sponsored,PUMPCADE (classic): token to SOL
26,0,sell,0.005,SOL,pSo1f9nQXWgXibFtKf7NWYxb5enAM4qfP6UJSiXRQfL,sponsored,PSOL (classic): SOL to token
26,0,sell,0.00409,pSo1f9nQXWgXibFtKf7NWYxb5enAM4qfP6UJSiXRQfL,SOL,sponsored,PSOL (classic): token to SOL
27,0,sell,0.005,SOL,CNWxmoBSQZo2Sgp5KSAK5m9FwSqDbXQRP4CNMuoe78Gm,sponsored,TWINE (token-2022): SOL to token
27,0,sell,30900,CNWxmoBSQZo2Sgp5KSAK5m9FwSqDbXQRP4CNMuoe78Gm,SOL,sponsored,TWINE (token-2022): token to SOL
28,0,sell,0.005,SOL,gF2fSfar4x1BiZ9n2MLMAVYVWQYzxpsrXC6hGV7pump,sponsored,CAGE (token-2022): SOL to token
28,0,sell,111000,gF2fSfar4x1BiZ9n2MLMAVYVWQYzxpsrXC6hGV7pump,SOL,sponsored,CAGE (token-2022): token to SOL
29,0,sell,0.005,SOL,TTWofwAge91oFhZs7kpQdyrVRkmevgM88xijGvQFbKo,sponsored,TTWO (token-2022: permanentDelegate defaultAccountState pausableConfig confidentialTransferMint transferHook scaledUiAmountConfig): SOL to token
29,0,sell,0.00257,TTWofwAge91oFhZs7kpQdyrVRkmevgM88xijGvQFbKo,SOL,sponsored,TTWO (token-2022: permanentDelegate defaultAccountState pausableConfig confidentialTransferMint transferHook scaledUiAmountConfig): token to SOL
30,0,sell,0.005,SOL,7GUnr7krtQhJwd6ASY2VUprd9t4c64zcgCsjdmZepump,sponsored,NPC (token-2022): SOL to token
30,0,sell,8600,7GUnr7krtQhJwd6ASY2VUprd9t4c64zcgCsjdmZepump,SOL,sponsored,NPC (token-2022): token to SOL
1,0,sell,0.005,SOL,HBrfYZgeLKdSvBBGnGkvAK4563pq8oBGpgNFAaespump,sponsored,OnlyMarms (token-2022): SOL to token
1,0,sell,11500,HBrfYZgeLKdSvBBGnGkvAK4563pq8oBGpgNFAaespump,SOL,sponsored,OnlyMarms (token-2022): token to SOL
2,0,sell,0.005,SOL,23e4CNuJxvBQ7RjNLc8Bh3yN3pQq6jeiTbyzJGXYPgme,sponsored,Remus (token-2022): SOL to token
2,0,sell,19300,23e4CNuJxvBQ7RjNLc8Bh3yN3pQq6jeiTbyzJGXYPgme,SOL,sponsored,Remus (token-2022): token to SOL
3,0,sell,0.005,SOL,DRAMjSWR7HRfJKjRkvQWYL2bcaejaVhuxEcjf4pAY4Cw,sponsored,DRAM (token-2022: permanentDelegate defaultAccountState pausableConfig confidentialTransferMint transferHook scaledUiAmountConfig): SOL to token
3,0,sell,0.0087,DRAMjSWR7HRfJKjRkvQWYL2bcaejaVhuxEcjf4pAY4Cw,SOL,sponsored,DRAM (token-2022: permanentDelegate defaultAccountState pausableConfig confidentialTransferMint transferHook scaledUiAmountConfig): token to SOL
4,0,sell,0.005,SOL,CLoUDKc4Ane7HeQcPpE3YHnznRxhMimJ4MyaUqyHFzAu,sponsored,SANC (classic): SOL to token
4,0,sell,8.49,CLoUDKc4Ane7HeQcPpE3YHnznRxhMimJ4MyaUqyHFzAu,SOL,sponsored,SANC (classic): token to SOL
5,0,sell,0.005,SOL,J6pQQ3FAcJQeWPPGppWRb4nM8jU3wLyYbRrLh7feMfvd,sponsored,2Z (classic): SOL to token
5,0,sell,13.7,J6pQQ3FAcJQeWPPGppWRb4nM8jU3wLyYbRrLh7feMfvd,SOL,sponsored,2Z (classic): token to SOL
6,0,sell,0.005,SOL,LFEJTxJ9yi6ojGDFpjbGfABLbH55Fc3oEK8syJJpump,sponsored,DPG (token-2022): SOL to token
6,0,sell,88100,LFEJTxJ9yi6ojGDFpjbGfABLbH55Fc3oEK8syJJpump,SOL,sponsored,DPG (token-2022): token to SOL
7,0,sell,0.005,SOL,CREDBHvVqREBCAxMihzr8D1nepHMr2gmQoZWpmgGmeta,sponsored,CRED (classic): SOL to token
7,0,sell,0.684,CREDBHvVqREBCAxMihzr8D1nepHMr2gmQoZWpmgGmeta,SOL,sponsored,CRED (classic): token to SOL
8,0,sell,0.005,SOL,6Hebn672FvMSq61mo4HYq86QgLHgBUm6y8A9bXGppump,sponsored,BATON (token-2022): SOL to token
8,0,sell,37300,6Hebn672FvMSq61mo4HYq86QgLHgBUm6y8A9bXGppump,SOL,sponsored,BATON (token-2022): token to SOL
9,0,sell,0.005,SOL,3Dgwn5E7H5a8k6iGrz3qirkaJqUaJrKHEZ2xPcLRpump,sponsored,knightcat (token-2022): SOL to token
9,0,sell,777,3Dgwn5E7H5a8k6iGrz3qirkaJqUaJrKHEZ2xPcLRpump,SOL,sponsored,knightcat (token-2022): token to SOL
10,0,sell,0.005,SOL,A9AHYeqb7nQk7LZUraw7rBCzYRjy2DRvE6NqWfFHKRdH,sponsored,HUHCAT (token-2022): SOL to token
10,0,sell,8350,A9AHYeqb7nQk7LZUraw7rBCzYRjy2DRvE6NqWfFHKRdH,SOL,sponsored,HUHCAT (token-2022): token to SOL
11,0,sell,0.005,SOL,FPfi9q1AixdUeWQVPFHJMJQ7a43S78dm6UZ4fzN4pump,sponsored,nosis (token-2022): SOL to token
11,0,sell,9950,FPfi9q1AixdUeWQVPFHJMJQ7a43S78dm6UZ4fzN4pump,SOL,sponsored,nosis (token-2022): token to SOL
12,0,sell,0.005,SOL,AkchGAUdXXRGHt3HXaHbTvw3JLGUwtJRmYnkG66wpump,sponsored,looong (token-2022): SOL to token
12,0,sell,27500,AkchGAUdXXRGHt3HXaHbTvw3JLGUwtJRmYnkG66wpump,SOL,sponsored,looong (token-2022): token to SOL
13,0,sell,0.005,SOL,Hos282xmdMJHwMjhni91fNqdjDsgWjgSckxuGc1Bpump,sponsored,Token (token-2022): SOL to token
13,0,sell,3750,Hos282xmdMJHwMjhni91fNqdjDsgWjgSckxuGc1Bpump,SOL,sponsored,Token (token-2022): token to SOL
14,0,sell,0.005,SOL,GJAFwWjJ3vnTsrQVabjBVK2TYB1YtRCQXRDfDgUnpump,sponsored,ACT (classic): SOL to token
14,0,sell,50.9,GJAFwWjJ3vnTsrQVabjBVK2TYB1YtRCQXRDfDgUnpump,SOL,sponsored,ACT (classic): token to SOL
15,0,sell,0.005,SOL,fvHLJUwsynVHJrssbZ8MLNyku9jt2izUspbBD4Spump,sponsored,FLEX (token-2022): SOL to token
15,0,sell,10200,fvHLJUwsynVHJrssbZ8MLNyku9jt2izUspbBD4Spump,SOL,sponsored,FLEX (token-2022): token to SOL
16,0,sell,0.005,SOL,FtateF34Xzawa91bpbVNdX72hZYo9cymRDYqBreHHbJi,sponsored,PANTS (classic): SOL to token
16,0,sell,7510,FtateF34Xzawa91bpbVNdX72hZYo9cymRDYqBreHHbJi,SOL,sponsored,PANTS (classic): token to SOL
17,0,sell,0.005,SOL,74SBV4zDXxTRgv1pEMoECskKBkZHc2yGPnc7GYVepump,sponsored,swarms (classic): SOL to token
17,0,sell,65,74SBV4zDXxTRgv1pEMoECskKBkZHc2yGPnc7GYVepump,SOL,sponsored,swarms (classic): token to SOL
18,0,sell,0.005,SOL,2PENPmfgJfq6CG3k4byj4oWwHf8SerqakmYHMkUupump,sponsored,familiars (token-2022): SOL to token
18,0,sell,27700,2PENPmfgJfq6CG3k4byj4oWwHf8SerqakmYHMkUupump,SOL,sponsored,familiars (token-2022): token to SOL
19,0,sell,0.005,SOL,3aqXuwp6HuVXs9vdD9Gpg4dzJaUx443RjK7GXzphpump,sponsored,FRANK (token-2022): SOL to token
19,0,sell,51900,3aqXuwp6HuVXs9vdD9Gpg4dzJaUx443RjK7GXzphpump,SOL,sponsored,FRANK (token-2022): token to SOL
20,0,sell,0.005,SOL,DLYQBXkRo43Ct96fd9Cr7y5tZP5yQKUBLMTZU92epump,sponsored,67coin (token-2022): SOL to token
20,0,sell,51100,DLYQBXkRo43Ct96fd9Cr7y5tZP5yQKUBLMTZU92epump,SOL,sponsored,67coin (token-2022): token to SOL
21,0,sell,0.005,SOL,bSo13r4TkiE4KumL71LsHTPpL2euBYLFx6h9HP3piy1,sponsored,bSOL (classic): SOL to token
21,0,sell,0.00341,bSo13r4TkiE4KumL71LsHTPpL2euBYLFx6h9HP3piy1,SOL,sponsored,bSOL (classic): token to SOL
22,0,sell,0.005,SOL,Ab1sTFNv2tV5DX1XpriwNehXgiJhdq2RQ5LtD5BXpump,sponsored,DOPAMEME (token-2022): SOL to token
22,0,sell,942,Ab1sTFNv2tV5DX1XpriwNehXgiJhdq2RQ5LtD5BXpump,SOL,sponsored,DOPAMEME (token-2022): token to SOL
23,0,sell,0.005,SOL,AqoPZcUumKUBHrnfBsNtoNuneYEjoimaiWYq8GH8gpX9,sponsored,STONK10 (token-2022): SOL to token
23,0,sell,3130,AqoPZcUumKUBHrnfBsNtoNuneYEjoimaiWYq8GH8gpX9,SOL,sponsored,STONK10 (token-2022): token to SOL
24,0,sell,0.005,SOL,CreiuhfwdWCN5mJbMJtA9bBpYQrQF2tCBuZwSPWfpump,sponsored,PYTHIA (classic): SOL to token
24,0,sell,424,CreiuhfwdWCN5mJbMJtA9bBpYQrQF2tCBuZwSPWfpump,SOL,sponsored,PYTHIA (classic): token to SOL
25,0,sell,0.005,SOL,C8fU5GdfAt5mnw2RK7HE6XJGFNxHpaskZMkXxdm88888,sponsored,CTM (classic): SOL to token
25,0,sell,2.34,C8fU5GdfAt5mnw2RK7HE6XJGFNxHpaskZMkXxdm88888,SOL,sponsored,CTM (classic): token to SOL
26,0,sell,0.005,SOL,EjD5Y9NVhXmtEqU7wYvAyZvDWZFQeEuHXFatJmTbpump,sponsored,lickingcat (token-2022): SOL to token
26,0,sell,35900,EjD5Y9NVhXmtEqU7wYvAyZvDWZFQeEuHXFatJmTbpump,SOL,sponsored,lickingcat (token-2022): token to SOL
27,0,sell,0.005,SOL,GkyPYa7NnCFbduLknCfBfP7p8564X1VZhwZYJ6CZpump,sponsored,CHILLHOUSE (classic): SOL to token
27,0,sell,375,GkyPYa7NnCFbduLknCfBfP7p8564X1VZhwZYJ6CZpump,SOL,sponsored,CHILLHOUSE (classic): token to SOL
28,0,sell,0.005,SOL,GRehQKv9E3fVuNJGQTwAAjYpcixRCYKkzAXAb5kGpump,sponsored,BOIÚNA (token-2022): SOL to token
28,0,sell,46400,GRehQKv9E3fVuNJGQTwAAjYpcixRCYKkzAXAb5kGpump,SOL,sponsored,BOIÚNA (token-2022): token to SOL
29,0,sell,0.005,SOL,3dQTr7ror2QPKQ3GbBCokJUmjErGg8kTJzdnYjNfvi3Z,sponsored,BORG (classic): SOL to token
29,0,sell,3.09,3dQTr7ror2QPKQ3GbBCokJUmjErGg8kTJzdnYjNfvi3Z,SOL,sponsored,BORG (classic): token to SOL
30,0,sell,0.005,SOL,Xs3eBt7uRfJX8QUs4suhyU8p2M6DoUDrJyWBa8LLZsg,sponsored,AMZNx (token-2022: permanentDelegate defaultAccountState scaledUiAmountConfig pausableConfig confidentialTransferMint transferHook): SOL to token
30,0,sell,0.00202,Xs3eBt7uRfJX8QUs4suhyU8p2M6DoUDrJyWBa8LLZsg,SOL,sponsored,AMZNx (token-2022: permanentDelegate defaultAccountState scaledUiAmountConfig pausableConfig confidentialTransferMint transferHook): token to SOL
1,0,sell,0.005,SOL,68Nq68CrtLVpyvK5Un7UADiNczaGf39hBbj3diRsYj6D,sponsored,NEST (classic): SOL to token
1,0,sell,275,68Nq68CrtLVpyvK5Un7UADiNczaGf39hBbj3diRsYj6D,SOL,sponsored,NEST (classic): token to SOL
2,0,sell,0.005,SOL,BRZ5aeJCDuruA42V1CntqKvofa2G7DS3yyxx1pZEpump,sponsored,moonkey (token-2022): SOL to token
2,0,sell,1320,BRZ5aeJCDuruA42V1CntqKvofa2G7DS3yyxx1pZEpump,SOL,sponsored,moonkey (token-2022): token to SOL
3,0,sell,0.005,SOL,ARXwZkNAtzPfdcoqQiduJn8EPv9fKiDfGn2KyggyDrFs,sponsored,ARX (classic): SOL to token
3,0,sell,1.93,ARXwZkNAtzPfdcoqQiduJn8EPv9fKiDfGn2KyggyDrFs,SOL,sponsored,ARX (classic): token to SOL
4,0,sell,0.005,SOL,H7TuvDxEKygh27zGfGcjKG8JGWgrbyKpPtvJEpGosfas,sponsored,CLAUDIA (token-2022): SOL to token
4,0,sell,3490,H7TuvDxEKygh27zGfGcjKG8JGWgrbyKpPtvJEpGosfas,SOL,sponsored,CLAUDIA (token-2022): token to SOL
5,0,sell,0.005,SOL,HcfnJxLov6tY8i1dq9uYRRZKCvxADPpovcfkyXzdpump,sponsored,Chonketha (token-2022): SOL to token
5,0,sell,178,HcfnJxLov6tY8i1dq9uYRRZKCvxADPpovcfkyXzdpump,SOL,sponsored,Chonketha (token-2022): token to SOL
6,0,sell,0.005,SOL,63LfDmNb3MQ8mw9MtZ2To9bEA2M71kZUUGq5tiJxcqj9,sponsored,GIGA (classic): SOL to token
6,0,sell,253,63LfDmNb3MQ8mw9MtZ2To9bEA2M71kZUUGq5tiJxcqj9,SOL,sponsored,GIGA (classic): token to SOL
7,0,sell,0.005,SOL,nDZknLvfFRp5rgUHdzTrQsmSY5NKzoavqdLjSHVpump,sponsored,COLLECT (token-2022): SOL to token
7,0,sell,14000,nDZknLvfFRp5rgUHdzTrQsmSY5NKzoavqdLjSHVpump,SOL,sponsored,COLLECT (token-2022): token to SOL
8,0,sell,0.005,SOL,3VFnDoACa991DYe987w354sbvmhqjjzC4Z31SoZepump,sponsored,Fauci (token-2022): SOL to token
8,0,sell,49200,3VFnDoACa991DYe987w354sbvmhqjjzC4Z31SoZepump,SOL,sponsored,Fauci (token-2022): token to SOL
9,0,sell,0.005,SOL,59obFNBzyTBGowrkif5uK7ojS58vsuWz3ZCvg6tfZAGw,sponsored,PST (classic): SOL to token
9,0,sell,0.46,59obFNBzyTBGowrkif5uK7ojS58vsuWz3ZCvg6tfZAGw,SOL,sponsored,PST (classic): token to SOL
10,0,sell,0.005,SOL,8J69rbLTzWWgUJziFY8jeu5tDwEPBwUz4pKBMr5rpump,sponsored,WOJAK (classic): SOL to token
10,0,sell,316,8J69rbLTzWWgUJziFY8jeu5tDwEPBwUz4pKBMr5rpump,SOL,sponsored,WOJAK (classic): token to SOL
11,0,sell,0.005,SOL,9PR7nCP9DpcUotnDPVLUBUZKu5WAYkwrCUx9wDnSpump,sponsored,Ban (classic): SOL to token
11,0,sell,7.94,9PR7nCP9DpcUotnDPVLUBUZKu5WAYkwrCUx9wDnSpump,SOL,sponsored,Ban (classic): token to SOL
12,0,sell,0.005,SOL,H74CYmXgMkYHYuSRsZt6RJb4NYp2u72Vw8BS5huApump,sponsored,LMAO! (classic): SOL to token
12,0,sell,237,H74CYmXgMkYHYuSRsZt6RJb4NYp2u72Vw8BS5huApump,SOL,sponsored,LMAO! (classic): token to SOL
13,0,sell,0.005,SOL,Am8iBffqgaedfdK5XhtorbcRrKzwH9nyL3ySikQfpump,sponsored,Kimchi (token-2022): SOL to token
13,0,sell,1330,Am8iBffqgaedfdK5XhtorbcRrKzwH9nyL3ySikQfpump,SOL,sponsored,Kimchi (token-2022): token to SOL
14,0,sell,0.005,SOL,94Sm8joZMSRzpQmcNVn5zZpgnRLN2DBesJYDXwuNpump,sponsored,omo (token-2022): SOL to token
14,0,sell,42200,94Sm8joZMSRzpQmcNVn5zZpgnRLN2DBesJYDXwuNpump,SOL,sponsored,omo (token-2022): token to SOL
15,0,sell,0.005,SOL,Xs78JED6PFZxWc2wCEPspZW9kL3Se5J7L5TChKgsidH,sponsored,STRCx (token-2022: permanentDelegate defaultAccountState scaledUiAmountConfig pausableConfig confidentialTransferMint transferHook): SOL to token
15,0,sell,0.00481,Xs78JED6PFZxWc2wCEPspZW9kL3Se5J7L5TChKgsidH,SOL,sponsored,STRCx (token-2022: permanentDelegate defaultAccountState scaledUiAmountConfig pausableConfig confidentialTransferMint transferHook): token to SOL
16,0,sell,0.005,SOL,FLk6FKAN26m1FT4ucguwy3uHBMzLKcEu8KMTYD2Zpump,sponsored,Stunk (token-2022): SOL to token
16,0,sell,112000,FLk6FKAN26m1FT4ucguwy3uHBMzLKcEu8KMTYD2Zpump,SOL,sponsored,Stunk (token-2022): token to SOL
17,0,sell,0.005,SOL,NKEda5nHhNGgjrE9nDdMvaEmkmJ96qqxzBVZEcKmjSg,sponsored,NKE (token-2022: permanentDelegate defaultAccountState pausableConfig confidentialTransferMint transferHook scaledUiAmountConfig): SOL to token
17,0,sell,0.0153,NKEda5nHhNGgjrE9nDdMvaEmkmJ96qqxzBVZEcKmjSg,SOL,sponsored,NKE (token-2022: permanentDelegate defaultAccountState pausableConfig confidentialTransferMint transferHook scaledUiAmountConfig): token to SOL
18,0,sell,0.005,SOL,SATqS9DYpLQsM2z51P4QCoqJRHa5wboV4qjJerJRUSH,sponsored,RUSH (classic): SOL to token
18,0,sell,0.00783,SATqS9DYpLQsM2z51P4QCoqJRHa5wboV4qjJerJRUSH,SOL,sponsored,RUSH (classic): token to SOL
19,0,sell,0.005,SOL,4oWhtcmBBsMG1bLZCLKusmq4t9fxdVVfbyJLevsYg5Ct,sponsored,CRIMECAT (token-2022): SOL to token
19,0,sell,39200,4oWhtcmBBsMG1bLZCLKusmq4t9fxdVVfbyJLevsYg5Ct,SOL,sponsored,CRIMECAT (token-2022): token to SOL
20,0,sell,0.005,SOL,HiMSSzzwkZkrXJ4PGVJRdtfLaANeAztjjcgk5Dxe7Lwx,sponsored,HIMS (token-2022: permanentDelegate defaultAccountState pausableConfig confidentialTransferMint transferHook scaledUiAmountConfig): SOL to token
20,0,sell,0.0177,HiMSSzzwkZkrXJ4PGVJRdtfLaANeAztjjcgk5Dxe7Lwx,SOL,sponsored,HIMS (token-2022: permanentDelegate defaultAccountState pausableConfig confidentialTransferMint transferHook scaledUiAmountConfig): token to SOL
21,0,sell,0.005,SOL,2yu92oYzBWLAdVpu8BoaLzmM1oxPsHoboay2BXmeDDZr,sponsored,FROINK (token-2022): SOL to token
21,0,sell,26700,2yu92oYzBWLAdVpu8BoaLzmM1oxPsHoboay2BXmeDDZr,SOL,sponsored,FROINK (token-2022): token to SOL
22,0,sell,0.005,SOL,purpFPo5voy6fEu8jxSCwVdMs1zyYEYAH6FBQvTYCZK,sponsored,PURPS (classic): SOL to token
22,0,sell,1810,purpFPo5voy6fEu8jxSCwVdMs1zyYEYAH6FBQvTYCZK,SOL,sponsored,PURPS (classic): token to SOL
23,0,sell,0.005,SOL,CZJfrAmMs5Cz4H22PWzfqTJu5FkP7Q2Vvx1oPVL9pump,sponsored,AGENTCAT (token-2022): SOL to token
23,0,sell,68100,CZJfrAmMs5Cz4H22PWzfqTJu5FkP7Q2Vvx1oPVL9pump,SOL,sponsored,AGENTCAT (token-2022): token to SOL
24,0,sell,0.005,SOL,XsoBhf2ufR8fTyNSjqfU71DYGaE6Z3SUGAidpzriAA4,sponsored,PLTRx (token-2022: permanentDelegate defaultAccountState scaledUiAmountConfig pausableConfig confidentialTransferMint transferHook): SOL to token
24,0,sell,0.0027,XsoBhf2ufR8fTyNSjqfU71DYGaE6Z3SUGAidpzriAA4,SOL,sponsored,PLTRx (token-2022: permanentDelegate defaultAccountState scaledUiAmountConfig pausableConfig confidentialTransferMint transferHook): token to SOL
25,0,sell,0.005,SOL,69LjZUUzxj3Cb3Fxeo1X4QpYEQTboApkhXTysPpbpump,sponsored,CODEC (classic): SOL to token
25,0,sell,70,69LjZUUzxj3Cb3Fxeo1X4QpYEQTboApkhXTysPpbpump,SOL,sponsored,CODEC (classic): token to SOL
26,0,sell,0.005,SOL,BCNT4t3rv5Hva8RnUtJUJLnxzeFAabcYp8CghC1SmWin,sponsored,BC (classic): SOL to token
26,0,sell,13.8,BCNT4t3rv5Hva8RnUtJUJLnxzeFAabcYp8CghC1SmWin,SOL,sponsored,BC (classic): token to SOL
27,0,sell,0.005,SOL,G9j8WWDeJXZdvwQgP82ooDuHmpc3Gy8NCSins71Lpump,sponsored,BULLCAT (token-2022): SOL to token
27,0,sell,39400,G9j8WWDeJXZdvwQgP82ooDuHmpc3Gy8NCSins71Lpump,SOL,sponsored,BULLCAT (token-2022): token to SOL
28,0,sell,0.005,SOL,DdPrHYqM8Ueovnk9kAnAgoGhswkuaTqmxcoZzU3Zpump,sponsored,manlet (token-2022): SOL to token
28,0,sell,15800,DdPrHYqM8Ueovnk9kAnAgoGhswkuaTqmxcoZzU3Zpump,SOL,sponsored,manlet (token-2022): token to SOL
29,0,sell,0.005,SOL,4cvZwC17oMiUA7peKX5GhbaUWv4U5Lwrd8118xnFpump,sponsored,CATALORIAN (token-2022): SOL to token
29,0,sell,105000,4cvZwC17oMiUA7peKX5GhbaUWv4U5Lwrd8118xnFpump,SOL,sponsored,CATALORIAN (token-2022): token to SOL
30,0,sell,0.005,SOL,4ChT49V1iazP2XUGtycGkEsS6pRMqvGfUbqvRC9Z91ZT,sponsored,MOS (token-2022): SOL to token
30,0,sell,2920,4ChT49V1iazP2XUGtycGkEsS6pRMqvGfUbqvRC9Z91ZT,SOL,sponsored,MOS (token-2022): token to SOL
1,0,sell,0.005,SOL,nosXBVoaCTtYdLvKY6Csb4AC8JCdQKKAaWYtx2ZMoo7,sponsored,NOS (classic): SOL to token
1,0,sell,0.962,nosXBVoaCTtYdLvKY6Csb4AC8JCdQKKAaWYtx2ZMoo7,SOL,sponsored,NOS (classic): token to SOL
2,0,sell,0.005,SOL,DvNcJZTiSMD1RBCtZ2J31mh7s42CVCwrzGapv1Lypump,sponsored,MICRO (classic): SOL to token
2,0,sell,7050,DvNcJZTiSMD1RBCtZ2J31mh7s42CVCwrzGapv1Lypump,SOL,sponsored,MICRO (classic): token to SOL
3,0,sell,0.005,SOL,8SkfuQkYNTskoQUbbjr2JbZQeqQV9egnJXgfMXf5bonk,sponsored,fih (classic): SOL to token
3,0,sell,21600,8SkfuQkYNTskoQUbbjr2JbZQeqQV9egnJXgfMXf5bonk,SOL,sponsored,fih (classic): token to SOL
4,0,sell,0.005,SOL,AA3VLt3muGJiXedDaMnkcst3pfjrg1JBxgHVSdSbpump,sponsored,TINYTANK (token-2022): SOL to token
4,0,sell,60500,AA3VLt3muGJiXedDaMnkcst3pfjrg1JBxgHVSdSbpump,SOL,sponsored,TINYTANK (token-2022): token to SOL
5,0,sell,0.005,SOL,B4iCqVsAZv9dBiBVv58GJiBxWGmwkwbtPTn4sUQTpump,sponsored,Polycat (token-2022): SOL to token
5,0,sell,34400,B4iCqVsAZv9dBiBVv58GJiBxWGmwkwbtPTn4sUQTpump,SOL,sponsored,Polycat (token-2022): token to SOL
6,0,sell,0.005,SOL,3f9LEP4RNM1yq5VnCD1LYMvq7FZis5tfGqyZMsiRpump,sponsored,YOTS (token-2022): SOL to token
6,0,sell,39700,3f9LEP4RNM1yq5VnCD1LYMvq7FZis5tfGqyZMsiRpump,SOL,sponsored,YOTS (token-2022): token to SOL
7,0,sell,0.005,SOL,2NffKvfZTcFj2tyoY1Ev84PkqxA7DZnstyv6EwELpump,sponsored,Sue (token-2022): SOL to token
7,0,sell,33500,2NffKvfZTcFj2tyoY1Ev84PkqxA7DZnstyv6EwELpump,SOL,sponsored,Sue (token-2022): token to SOL
8,0,sell,0.005,SOL,EUB1eZBt4m3X4FbperWnKGJdvLsuLMu2YmJix5yjpump,sponsored,K-HOME (token-2022): SOL to token
8,0,sell,41500,EUB1eZBt4m3X4FbperWnKGJdvLsuLMu2YmJix5yjpump,SOL,sponsored,K-HOME (token-2022): token to SOL
9,0,sell,0.005,SOL,5XZw2LKTyrfvfiskJ78AMpackRjPcyCif1WhUsPDuVqQ,sponsored,WBTC (classic): SOL to token
9,0,sell,0.00000626,5XZw2LKTyrfvfiskJ78AMpackRjPcyCif1WhUsPDuVqQ,SOL,sponsored,WBTC (classic): token to SOL
10,0,sell,0.005,SOL,7C94RweVKZtBhA291WpXW7pkYEnbqhGvCFTU8nPoBTFY,sponsored,BOTIFY (classic): SOL to token
10,0,sell,1080,7C94RweVKZtBhA291WpXW7pkYEnbqhGvCFTU8nPoBTFY,SOL,sponsored,BOTIFY (classic): token to SOL
