# Supported Solana tokens in no app list (2026-10-07) (../token-universe/tokenlist-missing.json), classified on staging on 2026-10-07.
# 304 tradable tokens (245 Token-2022): sell 0.005 SOL into each, then 90% of the quote back. 30 traders, ~11 tokens each, back to back.
# Fund with --sol-funding-per-trader 0.05.
# Regenerate: pnpm sim generate-token-list-session --list ../token-universe/tokenlist-missing.json -o ../scenarios/token-universe/unlisted-supported
trader,time,type,amount,token,other_token,mode,note
1,0,sell,0.005,SOL,98kfF7rmsg1QDUEoCqNE7g7M1FdrTt92TEp2CLzypump,sponsored,PAID (token-2022): SOL to token
1,0,sell,96.6,98kfF7rmsg1QDUEoCqNE7g7M1FdrTt92TEp2CLzypump,SOL,sponsored,PAID (token-2022): token to SOL
2,0,sell,0.005,SOL,3b8X44fLF9ooXaUm3hhSgjpmVs6rZZ3pPoGnGahc3Uu7,sponsored,PRIME (classic): SOL to token
2,0,sell,0.492,3b8X44fLF9ooXaUm3hhSgjpmVs6rZZ3pPoGnGahc3Uu7,SOL,sponsored,PRIME (classic): token to SOL
3,0,sell,0.005,SOL,CbcyNo7m1amFWqEQm2m4PLv1UNvpcL3C1Ujm6AkzpKoU,sponsored,e/acc (token-2022): SOL to token
3,0,sell,93.1,CbcyNo7m1amFWqEQm2m4PLv1UNvpcL3C1Ujm6AkzpKoU,SOL,sponsored,e/acc (token-2022): token to SOL
4,0,sell,0.005,SOL,Hg5Ja55T5wESq4vyFoiVCMeHXtGyVA69X2UHq8hgpump,sponsored,baton (token-2022): SOL to token
4,0,sell,57.9,Hg5Ja55T5wESq4vyFoiVCMeHXtGyVA69X2UHq8hgpump,SOL,sponsored,baton (token-2022): token to SOL
5,0,sell,0.005,SOL,7VertkgF9KLhxxJXHX6uaWuoYZTP9LdGj2bWmVXVpump,sponsored,Agency (token-2022): SOL to token
5,0,sell,67.5,7VertkgF9KLhxxJXHX6uaWuoYZTP9LdGj2bWmVXVpump,SOL,sponsored,Agency (token-2022): token to SOL
6,0,sell,0.005,SOL,FZqdw6oSDCbHtKYxmhnfbi97SnyVy8jaYpdCoMrrjKa2,sponsored,Pistacio (token-2022): SOL to token
6,0,sell,2570,FZqdw6oSDCbHtKYxmhnfbi97SnyVy8jaYpdCoMrrjKa2,SOL,sponsored,Pistacio (token-2022): token to SOL
7,0,sell,0.005,SOL,8K5X85PAJHAAVSvYaAzgVPPAPsqqHmvx16ZyBiscYF8L,sponsored,CTO (classic): SOL to token
7,0,sell,9830,8K5X85PAJHAAVSvYaAzgVPPAPsqqHmvx16ZyBiscYF8L,SOL,sponsored,CTO (classic): token to SOL
8,0,sell,0.005,SOL,GY9mZfyPpxXxBXBxS2hB2XjhP3kfUsywTvgveozxpump,sponsored,ELON (token-2022): SOL to token
8,0,sell,1280,GY9mZfyPpxXxBXBxS2hB2XjhP3kfUsywTvgveozxpump,SOL,sponsored,ELON (token-2022): token to SOL
9,0,sell,0.005,SOL,RmtMAYVTTFv2iK9muMrXEoAnSSsZPPgRPbqZCKwNDYk,sponsored,EYE (classic): SOL to token
9,0,sell,6450,RmtMAYVTTFv2iK9muMrXEoAnSSsZPPgRPbqZCKwNDYk,SOL,sponsored,EYE (classic): token to SOL
10,0,sell,0.005,SOL,4ko5tSr5o3H4v1sFtjTSd9MPUW7yx5AFCpkNPoL6pump,sponsored,febu (token-2022): SOL to token
10,0,sell,9510,4ko5tSr5o3H4v1sFtjTSd9MPUW7yx5AFCpkNPoL6pump,SOL,sponsored,febu (token-2022): token to SOL
11,0,sell,0.005,SOL,DKu9kykSfbN5LBfFXtNNDPaX35o4Fv6vJ9FKk7pZpump,sponsored,AVA (classic): SOL to token
11,0,sell,56.6,DKu9kykSfbN5LBfFXtNNDPaX35o4Fv6vJ9FKk7pZpump,SOL,sponsored,AVA (classic): token to SOL
12,0,sell,0.005,SOL,7Y7V1a4m2nWK7BMgbka5B4vR1pDvCK7yva3Hnrqkraze,sponsored,NASDUCK (token-2022): SOL to token
12,0,sell,3310,7Y7V1a4m2nWK7BMgbka5B4vR1pDvCK7yva3Hnrqkraze,SOL,sponsored,NASDUCK (token-2022): token to SOL
13,0,sell,0.005,SOL,9aqmJjCnnMQv42TXLk921ceUkN35nea2QP969n1caqjj,sponsored,SI (token-2022): SOL to token
13,0,sell,515,9aqmJjCnnMQv42TXLk921ceUkN35nea2QP969n1caqjj,SOL,sponsored,SI (token-2022): token to SOL
14,0,sell,0.005,SOL,7V6Sk63y8Rr1MvcN5mYNp61wgFhy4EeQg5gUASk9pump,sponsored,HBULL (token-2022): SOL to token
14,0,sell,4500,7V6Sk63y8Rr1MvcN5mYNp61wgFhy4EeQg5gUASk9pump,SOL,sponsored,HBULL (token-2022): token to SOL
15,0,sell,0.005,SOL,JDzPbXboQYWVmdxXS3LbvjM52RtsV1QaSv2AzoCiai2o,sponsored,FO (classic): SOL to token
15,0,sell,3.64,JDzPbXboQYWVmdxXS3LbvjM52RtsV1QaSv2AzoCiai2o,SOL,sponsored,FO (classic): token to SOL
16,0,sell,0.005,SOL,B4ptaVsUe6YbtBwAS38WFeweSrVNfQLCcj9JRrtjU8vn,sponsored,SOLdiers (token-2022): SOL to token
16,0,sell,13000,B4ptaVsUe6YbtBwAS38WFeweSrVNfQLCcj9JRrtjU8vn,SOL,sponsored,SOLdiers (token-2022): token to SOL
17,0,sell,0.005,SOL,DoVAVzViX8Bjy3r15nwikSaSbzE6dV4ovd28aWpJpump,sponsored,HIGGS (token-2022): SOL to token
17,0,sell,361,DoVAVzViX8Bjy3r15nwikSaSbzE6dV4ovd28aWpJpump,SOL,sponsored,HIGGS (token-2022): token to SOL
18,0,sell,0.005,SOL,BXoHJddsWJLHtAopeiSbKUSELsu8hSFMs8baGMDkpump,sponsored,CRAWL (token-2022): SOL to token
18,0,sell,186,BXoHJddsWJLHtAopeiSbKUSELsu8hSFMs8baGMDkpump,SOL,sponsored,CRAWL (token-2022): token to SOL
19,0,sell,0.005,SOL,DpBzjtgGLF7QA9Ug3eUVGbnqa6j3jvYBn1XuQuktvfhm,sponsored,DOGE-1 (classic): SOL to token
19,0,sell,7350,DpBzjtgGLF7QA9Ug3eUVGbnqa6j3jvYBn1XuQuktvfhm,SOL,sponsored,DOGE-1 (classic): token to SOL
20,0,sell,0.005,SOL,E3i7sTY5QYEBh3itepnomZQt7Eh5kzmHFk1vkm2pump,sponsored,cc (token-2022): SOL to token
20,0,sell,1830,E3i7sTY5QYEBh3itepnomZQt7Eh5kzmHFk1vkm2pump,SOL,sponsored,cc (token-2022): token to SOL
21,0,sell,0.005,SOL,HmJDgky11u77hpBss6D8sjNpYPD5B6fWgSVDj58jpump,sponsored,SOLCAT (token-2022): SOL to token
21,0,sell,6090,HmJDgky11u77hpBss6D8sjNpYPD5B6fWgSVDj58jpump,SOL,sponsored,SOLCAT (token-2022): token to SOL
22,0,sell,0.005,SOL,2bpT3ksMdwdZ6DuHyq3FDUr7HDwvZ5DRZoT1fUPALJaH,sponsored,RIV (classic): SOL to token
22,0,sell,134,2bpT3ksMdwdZ6DuHyq3FDUr7HDwvZ5DRZoT1fUPALJaH,SOL,sponsored,RIV (classic): token to SOL
23,0,sell,0.005,SOL,AVBN6kXdaw27ySuvMevKYzNTL8d39b7sGQFDCmsvpump,sponsored,PINK (token-2022): SOL to token
23,0,sell,3200,AVBN6kXdaw27ySuvMevKYzNTL8d39b7sGQFDCmsvpump,SOL,sponsored,PINK (token-2022): token to SOL
24,0,sell,0.005,SOL,VJdpSDDLof7HuZiNmsRUSL4YCncsk1FGiVoHyAJpump,sponsored,BREAKING (token-2022): SOL to token
24,0,sell,89200,VJdpSDDLof7HuZiNmsRUSL4YCncsk1FGiVoHyAJpump,SOL,sponsored,BREAKING (token-2022): token to SOL
25,0,sell,0.005,SOL,6ehEcTMCc85aNF4x9CWx8HuvWGhxQtvKdhKVf2HDpump,sponsored,TOESCOIN (token-2022): SOL to token
25,0,sell,2700,6ehEcTMCc85aNF4x9CWx8HuvWGhxQtvKdhKVf2HDpump,SOL,sponsored,TOESCOIN (token-2022): token to SOL
26,0,sell,0.005,SOL,GCa9TZMK9Q3VUSkhZgX76YAQBjqQd1dPxkBnZojFpump,sponsored,Plumber (token-2022): SOL to token
26,0,sell,16000,GCa9TZMK9Q3VUSkhZgX76YAQBjqQd1dPxkBnZojFpump,SOL,sponsored,Plumber (token-2022): token to SOL
27,0,sell,0.005,SOL,AyYNfPtftg2zDP4ZbgcoQMggQtwLh4zpfVVmUJs2thto,sponsored,Tilcayo (token-2022): SOL to token
27,0,sell,1860,AyYNfPtftg2zDP4ZbgcoQMggQtwLh4zpfVVmUJs2thto,SOL,sponsored,Tilcayo (token-2022): token to SOL
28,0,sell,0.005,SOL,91ryaCo5yGpYZM3bs6GUPs97VWJQj7RozBmqPULgpump,sponsored,TIGRINO (token-2022): SOL to token
28,0,sell,14200,91ryaCo5yGpYZM3bs6GUPs97VWJQj7RozBmqPULgpump,SOL,sponsored,TIGRINO (token-2022): token to SOL
29,0,sell,0.005,SOL,5tCju6YNxHq5zrA6tGndr6F7TK42mpUFmeE31cSFpump,sponsored,swordcat (token-2022): SOL to token
29,0,sell,256,5tCju6YNxHq5zrA6tGndr6F7TK42mpUFmeE31cSFpump,SOL,sponsored,swordcat (token-2022): token to SOL
30,0,sell,0.005,SOL,EkcTa8n14fXcHdfvZqCg72cTCutJnnKb19vcHwKTpump,sponsored,Qenis (token-2022): SOL to token
30,0,sell,2320,EkcTa8n14fXcHdfvZqCg72cTCutJnnKb19vcHwKTpump,SOL,sponsored,Qenis (token-2022): token to SOL
1,0,sell,0.005,SOL,7fDdLy2rmQKsPCkqUXEd1mN7yDfEzArc4VrctWmfkJBK,sponsored,Z500 (classic): SOL to token
1,0,sell,13900,7fDdLy2rmQKsPCkqUXEd1mN7yDfEzArc4VrctWmfkJBK,SOL,sponsored,Z500 (classic): token to SOL
2,0,sell,0.005,SOL,CortexFv3fRcLKTgACr7aLqckGh5eP7TP3z9JHoKqMc6,sponsored,CX (classic): SOL to token
2,0,sell,15.3,CortexFv3fRcLKTgACr7aLqckGh5eP7TP3z9JHoKqMc6,SOL,sponsored,CX (classic): token to SOL
3,0,sell,0.005,SOL,8k4sBtEeK4pf26noKqApv8NBTnuSJcbdwpKYknk5PbAA,sponsored,CALI (token-2022): SOL to token
3,0,sell,392,8k4sBtEeK4pf26noKqApv8NBTnuSJcbdwpKYknk5PbAA,SOL,sponsored,CALI (token-2022): token to SOL
4,0,sell,0.005,SOL,4D8qUHm334fxqeTauPvF8gQ7fYgrD4Mpmb1Wy6ftUSWR,sponsored,USWR (token-2022): SOL to token
4,0,sell,1190,4D8qUHm334fxqeTauPvF8gQ7fYgrD4Mpmb1Wy6ftUSWR,SOL,sponsored,USWR (token-2022): token to SOL
5,0,sell,0.005,SOL,6oGuFDbEeaSzTcvrmmd2MqfNYwHKXFoN7regcR22pump,sponsored,NEEGY (token-2022): SOL to token
5,0,sell,7040,6oGuFDbEeaSzTcvrmmd2MqfNYwHKXFoN7regcR22pump,SOL,sponsored,NEEGY (token-2022): token to SOL
6,0,sell,0.005,SOL,3kmygWKZBkCYrgZHKfiuB9UFKTcDLTFFsKo3BWpmpump,sponsored,PARASITE (token-2022): SOL to token
6,0,sell,4640,3kmygWKZBkCYrgZHKfiuB9UFKTcDLTFFsKo3BWpmpump,SOL,sponsored,PARASITE (token-2022): token to SOL
7,0,sell,0.005,SOL,EKtmPPLaCbEEKiwoHHtV7TsRsmPXs5CMGtQtZFSiinsc,sponsored,Stamp (token-2022): SOL to token
7,0,sell,1680,EKtmPPLaCbEEKiwoHHtV7TsRsmPXs5CMGtQtZFSiinsc,SOL,sponsored,Stamp (token-2022): token to SOL
8,0,sell,0.005,SOL,5mH155ePpNWJb2GktpftLJbcTvoxFaUrv7XkZPDtpump,sponsored,catalyst (token-2022): SOL to token
8,0,sell,26600,5mH155ePpNWJb2GktpftLJbcTvoxFaUrv7XkZPDtpump,SOL,sponsored,catalyst (token-2022): token to SOL
9,0,sell,0.005,SOL,FeR8VBqNRSUD5NtXAj2n3j1dAHkZHfyDktKuLXD4pump,sponsored,jellyjelly (classic): SOL to token
9,0,sell,9.73,FeR8VBqNRSUD5NtXAj2n3j1dAHkZHfyDktKuLXD4pump,SOL,sponsored,jellyjelly (classic): token to SOL
10,0,sell,0.005,SOL,CVhWiQ2SBhpTJ3xAR3ekf3uf8Ns2tNzj3mEtzKSpump,sponsored,WINGIT (token-2022): SOL to token
10,0,sell,98600,CVhWiQ2SBhpTJ3xAR3ekf3uf8Ns2tNzj3mEtzKSpump,SOL,sponsored,WINGIT (token-2022): token to SOL
11,0,sell,0.005,SOL,B62socheoeJVqiKnihcR96g61tzALYwcMsE91Sw6pump,sponsored,BOP (token-2022): SOL to token
11,0,sell,29400,B62socheoeJVqiKnihcR96g61tzALYwcMsE91Sw6pump,SOL,sponsored,BOP (token-2022): token to SOL
12,0,sell,0.005,SOL,7nLukVng5teXze14rum9v57juXLjUp7JJnCveko1pump,sponsored,Martians (classic): SOL to token
12,0,sell,3930,7nLukVng5teXze14rum9v57juXLjUp7JJnCveko1pump,SOL,sponsored,Martians (classic): token to SOL
13,0,sell,0.005,SOL,jLz71QZfjnZZMLjUaCBw7KmUyftkkNq8NkWi2u9dyap,sponsored,YAP (token-2022): SOL to token
13,0,sell,22500,jLz71QZfjnZZMLjUaCBw7KmUyftkkNq8NkWi2u9dyap,SOL,sponsored,YAP (token-2022): token to SOL
14,0,sell,0.005,SOL,CrJPSvj625TnPdWS42aG5ybMcHeFvnNqq5AExVespump,sponsored,Momota (token-2022): SOL to token
14,0,sell,17300,CrJPSvj625TnPdWS42aG5ybMcHeFvnNqq5AExVespump,SOL,sponsored,Momota (token-2022): token to SOL
15,0,sell,0.005,SOL,7n8kRipxAQBfpGQtcGA2AbkM2HASSVCzqZ5F3QEopump,sponsored,Zoe (token-2022): SOL to token
15,0,sell,7330,7n8kRipxAQBfpGQtcGA2AbkM2HASSVCzqZ5F3QEopump,SOL,sponsored,Zoe (token-2022): token to SOL
16,0,sell,0.005,SOL,LBTCgU4b3wsFKsPwBn1rRZDx5DoFutM6RPiEt1TPDsY,sponsored,LBTC (classic): SOL to token
16,0,sell,0.00000626,LBTCgU4b3wsFKsPwBn1rRZDx5DoFutM6RPiEt1TPDsY,SOL,sponsored,LBTC (classic): token to SOL
17,0,sell,0.005,SOL,HKZDfZnkHZxd9agRDNPyDv4iT6LmAurJnpRtj9wpump,sponsored,MISTAKE (token-2022): SOL to token
17,0,sell,97.7,HKZDfZnkHZxd9agRDNPyDv4iT6LmAurJnpRtj9wpump,SOL,sponsored,MISTAKE (token-2022): token to SOL
18,0,sell,0.005,SOL,CNWxmoBSQZo2Sgp5KSAK5m9FwSqDbXQRP4CNMuoe78Gm,sponsored,TWINE (token-2022): SOL to token
18,0,sell,30900,CNWxmoBSQZo2Sgp5KSAK5m9FwSqDbXQRP4CNMuoe78Gm,SOL,sponsored,TWINE (token-2022): token to SOL
19,0,sell,0.005,SOL,gF2fSfar4x1BiZ9n2MLMAVYVWQYzxpsrXC6hGV7pump,sponsored,CAGE (token-2022): SOL to token
19,0,sell,111000,gF2fSfar4x1BiZ9n2MLMAVYVWQYzxpsrXC6hGV7pump,SOL,sponsored,CAGE (token-2022): token to SOL
20,0,sell,0.005,SOL,7GUnr7krtQhJwd6ASY2VUprd9t4c64zcgCsjdmZepump,sponsored,NPC (token-2022): SOL to token
20,0,sell,8600,7GUnr7krtQhJwd6ASY2VUprd9t4c64zcgCsjdmZepump,SOL,sponsored,NPC (token-2022): token to SOL
21,0,sell,0.005,SOL,HBrfYZgeLKdSvBBGnGkvAK4563pq8oBGpgNFAaespump,sponsored,OnlyMarms (token-2022): SOL to token
21,0,sell,11500,HBrfYZgeLKdSvBBGnGkvAK4563pq8oBGpgNFAaespump,SOL,sponsored,OnlyMarms (token-2022): token to SOL
22,0,sell,0.005,SOL,23e4CNuJxvBQ7RjNLc8Bh3yN3pQq6jeiTbyzJGXYPgme,sponsored,Remus (token-2022): SOL to token
22,0,sell,19300,23e4CNuJxvBQ7RjNLc8Bh3yN3pQq6jeiTbyzJGXYPgme,SOL,sponsored,Remus (token-2022): token to SOL
23,0,sell,0.005,SOL,LFEJTxJ9yi6ojGDFpjbGfABLbH55Fc3oEK8syJJpump,sponsored,DPG (token-2022): SOL to token
23,0,sell,88100,LFEJTxJ9yi6ojGDFpjbGfABLbH55Fc3oEK8syJJpump,SOL,sponsored,DPG (token-2022): token to SOL
24,0,sell,0.005,SOL,6Hebn672FvMSq61mo4HYq86QgLHgBUm6y8A9bXGppump,sponsored,BATON (token-2022): SOL to token
24,0,sell,37300,6Hebn672FvMSq61mo4HYq86QgLHgBUm6y8A9bXGppump,SOL,sponsored,BATON (token-2022): token to SOL
25,0,sell,0.005,SOL,3Dgwn5E7H5a8k6iGrz3qirkaJqUaJrKHEZ2xPcLRpump,sponsored,knightcat (token-2022): SOL to token
25,0,sell,777,3Dgwn5E7H5a8k6iGrz3qirkaJqUaJrKHEZ2xPcLRpump,SOL,sponsored,knightcat (token-2022): token to SOL
26,0,sell,0.005,SOL,A9AHYeqb7nQk7LZUraw7rBCzYRjy2DRvE6NqWfFHKRdH,sponsored,HUHCAT (token-2022): SOL to token
26,0,sell,8350,A9AHYeqb7nQk7LZUraw7rBCzYRjy2DRvE6NqWfFHKRdH,SOL,sponsored,HUHCAT (token-2022): token to SOL
27,0,sell,0.005,SOL,FPfi9q1AixdUeWQVPFHJMJQ7a43S78dm6UZ4fzN4pump,sponsored,nosis (token-2022): SOL to token
27,0,sell,9950,FPfi9q1AixdUeWQVPFHJMJQ7a43S78dm6UZ4fzN4pump,SOL,sponsored,nosis (token-2022): token to SOL
28,0,sell,0.005,SOL,AkchGAUdXXRGHt3HXaHbTvw3JLGUwtJRmYnkG66wpump,sponsored,looong (token-2022): SOL to token
28,0,sell,27500,AkchGAUdXXRGHt3HXaHbTvw3JLGUwtJRmYnkG66wpump,SOL,sponsored,looong (token-2022): token to SOL
29,0,sell,0.005,SOL,Hos282xmdMJHwMjhni91fNqdjDsgWjgSckxuGc1Bpump,sponsored,Token (token-2022): SOL to token
29,0,sell,3750,Hos282xmdMJHwMjhni91fNqdjDsgWjgSckxuGc1Bpump,SOL,sponsored,Token (token-2022): token to SOL
30,0,sell,0.005,SOL,fvHLJUwsynVHJrssbZ8MLNyku9jt2izUspbBD4Spump,sponsored,FLEX (token-2022): SOL to token
30,0,sell,10200,fvHLJUwsynVHJrssbZ8MLNyku9jt2izUspbBD4Spump,SOL,sponsored,FLEX (token-2022): token to SOL
1,0,sell,0.005,SOL,FtateF34Xzawa91bpbVNdX72hZYo9cymRDYqBreHHbJi,sponsored,PANTS (classic): SOL to token
1,0,sell,7510,FtateF34Xzawa91bpbVNdX72hZYo9cymRDYqBreHHbJi,SOL,sponsored,PANTS (classic): token to SOL
2,0,sell,0.005,SOL,2PENPmfgJfq6CG3k4byj4oWwHf8SerqakmYHMkUupump,sponsored,familiars (token-2022): SOL to token
2,0,sell,27700,2PENPmfgJfq6CG3k4byj4oWwHf8SerqakmYHMkUupump,SOL,sponsored,familiars (token-2022): token to SOL
3,0,sell,0.005,SOL,3aqXuwp6HuVXs9vdD9Gpg4dzJaUx443RjK7GXzphpump,sponsored,FRANK (token-2022): SOL to token
3,0,sell,51900,3aqXuwp6HuVXs9vdD9Gpg4dzJaUx443RjK7GXzphpump,SOL,sponsored,FRANK (token-2022): token to SOL
4,0,sell,0.005,SOL,DLYQBXkRo43Ct96fd9Cr7y5tZP5yQKUBLMTZU92epump,sponsored,67coin (token-2022): SOL to token
4,0,sell,51100,DLYQBXkRo43Ct96fd9Cr7y5tZP5yQKUBLMTZU92epump,SOL,sponsored,67coin (token-2022): token to SOL
5,0,sell,0.005,SOL,Ab1sTFNv2tV5DX1XpriwNehXgiJhdq2RQ5LtD5BXpump,sponsored,DOPAMEME (token-2022): SOL to token
5,0,sell,942,Ab1sTFNv2tV5DX1XpriwNehXgiJhdq2RQ5LtD5BXpump,SOL,sponsored,DOPAMEME (token-2022): token to SOL
6,0,sell,0.005,SOL,AqoPZcUumKUBHrnfBsNtoNuneYEjoimaiWYq8GH8gpX9,sponsored,STONK10 (token-2022): SOL to token
6,0,sell,3130,AqoPZcUumKUBHrnfBsNtoNuneYEjoimaiWYq8GH8gpX9,SOL,sponsored,STONK10 (token-2022): token to SOL
7,0,sell,0.005,SOL,CreiuhfwdWCN5mJbMJtA9bBpYQrQF2tCBuZwSPWfpump,sponsored,PYTHIA (classic): SOL to token
7,0,sell,424,CreiuhfwdWCN5mJbMJtA9bBpYQrQF2tCBuZwSPWfpump,SOL,sponsored,PYTHIA (classic): token to SOL
8,0,sell,0.005,SOL,C8fU5GdfAt5mnw2RK7HE6XJGFNxHpaskZMkXxdm88888,sponsored,CTM (classic): SOL to token
8,0,sell,2.34,C8fU5GdfAt5mnw2RK7HE6XJGFNxHpaskZMkXxdm88888,SOL,sponsored,CTM (classic): token to SOL
9,0,sell,0.005,SOL,EjD5Y9NVhXmtEqU7wYvAyZvDWZFQeEuHXFatJmTbpump,sponsored,lickingcat (token-2022): SOL to token
9,0,sell,35900,EjD5Y9NVhXmtEqU7wYvAyZvDWZFQeEuHXFatJmTbpump,SOL,sponsored,lickingcat (token-2022): token to SOL
10,0,sell,0.005,SOL,GRehQKv9E3fVuNJGQTwAAjYpcixRCYKkzAXAb5kGpump,sponsored,BOIÚNA (token-2022): SOL to token
10,0,sell,46400,GRehQKv9E3fVuNJGQTwAAjYpcixRCYKkzAXAb5kGpump,SOL,sponsored,BOIÚNA (token-2022): token to SOL
11,0,sell,0.005,SOL,68Nq68CrtLVpyvK5Un7UADiNczaGf39hBbj3diRsYj6D,sponsored,NEST (classic): SOL to token
11,0,sell,275,68Nq68CrtLVpyvK5Un7UADiNczaGf39hBbj3diRsYj6D,SOL,sponsored,NEST (classic): token to SOL
12,0,sell,0.005,SOL,H7TuvDxEKygh27zGfGcjKG8JGWgrbyKpPtvJEpGosfas,sponsored,CLAUDIA (token-2022): SOL to token
12,0,sell,3490,H7TuvDxEKygh27zGfGcjKG8JGWgrbyKpPtvJEpGosfas,SOL,sponsored,CLAUDIA (token-2022): token to SOL
13,0,sell,0.005,SOL,HcfnJxLov6tY8i1dq9uYRRZKCvxADPpovcfkyXzdpump,sponsored,Chonketha (token-2022): SOL to token
13,0,sell,178,HcfnJxLov6tY8i1dq9uYRRZKCvxADPpovcfkyXzdpump,SOL,sponsored,Chonketha (token-2022): token to SOL
14,0,sell,0.005,SOL,nDZknLvfFRp5rgUHdzTrQsmSY5NKzoavqdLjSHVpump,sponsored,COLLECT (token-2022): SOL to token
14,0,sell,14000,nDZknLvfFRp5rgUHdzTrQsmSY5NKzoavqdLjSHVpump,SOL,sponsored,COLLECT (token-2022): token to SOL
15,0,sell,0.005,SOL,3VFnDoACa991DYe987w354sbvmhqjjzC4Z31SoZepump,sponsored,Fauci (token-2022): SOL to token
15,0,sell,49200,3VFnDoACa991DYe987w354sbvmhqjjzC4Z31SoZepump,SOL,sponsored,Fauci (token-2022): token to SOL
16,0,sell,0.005,SOL,9PR7nCP9DpcUotnDPVLUBUZKu5WAYkwrCUx9wDnSpump,sponsored,Ban (classic): SOL to token
16,0,sell,7.95,9PR7nCP9DpcUotnDPVLUBUZKu5WAYkwrCUx9wDnSpump,SOL,sponsored,Ban (classic): token to SOL
17,0,sell,0.005,SOL,Am8iBffqgaedfdK5XhtorbcRrKzwH9nyL3ySikQfpump,sponsored,Kimchi (token-2022): SOL to token
17,0,sell,1330,Am8iBffqgaedfdK5XhtorbcRrKzwH9nyL3ySikQfpump,SOL,sponsored,Kimchi (token-2022): token to SOL
18,0,sell,0.005,SOL,94Sm8joZMSRzpQmcNVn5zZpgnRLN2DBesJYDXwuNpump,sponsored,omo (token-2022): SOL to token
18,0,sell,42200,94Sm8joZMSRzpQmcNVn5zZpgnRLN2DBesJYDXwuNpump,SOL,sponsored,omo (token-2022): token to SOL
19,0,sell,0.005,SOL,FLk6FKAN26m1FT4ucguwy3uHBMzLKcEu8KMTYD2Zpump,sponsored,Stunk (token-2022): SOL to token
19,0,sell,112000,FLk6FKAN26m1FT4ucguwy3uHBMzLKcEu8KMTYD2Zpump,SOL,sponsored,Stunk (token-2022): token to SOL
20,0,sell,0.005,SOL,4oWhtcmBBsMG1bLZCLKusmq4t9fxdVVfbyJLevsYg5Ct,sponsored,CRIMECAT (token-2022): SOL to token
20,0,sell,39200,4oWhtcmBBsMG1bLZCLKusmq4t9fxdVVfbyJLevsYg5Ct,SOL,sponsored,CRIMECAT (token-2022): token to SOL
21,0,sell,0.005,SOL,2yu92oYzBWLAdVpu8BoaLzmM1oxPsHoboay2BXmeDDZr,sponsored,FROINK (token-2022): SOL to token
21,0,sell,26700,2yu92oYzBWLAdVpu8BoaLzmM1oxPsHoboay2BXmeDDZr,SOL,sponsored,FROINK (token-2022): token to SOL
22,0,sell,0.005,SOL,purpFPo5voy6fEu8jxSCwVdMs1zyYEYAH6FBQvTYCZK,sponsored,PURPS (classic): SOL to token
22,0,sell,1810,purpFPo5voy6fEu8jxSCwVdMs1zyYEYAH6FBQvTYCZK,SOL,sponsored,PURPS (classic): token to SOL
23,0,sell,0.005,SOL,CZJfrAmMs5Cz4H22PWzfqTJu5FkP7Q2Vvx1oPVL9pump,sponsored,AGENTCAT (token-2022): SOL to token
23,0,sell,68100,CZJfrAmMs5Cz4H22PWzfqTJu5FkP7Q2Vvx1oPVL9pump,SOL,sponsored,AGENTCAT (token-2022): token to SOL
24,0,sell,0.005,SOL,G9j8WWDeJXZdvwQgP82ooDuHmpc3Gy8NCSins71Lpump,sponsored,BULLCAT (token-2022): SOL to token
24,0,sell,39400,G9j8WWDeJXZdvwQgP82ooDuHmpc3Gy8NCSins71Lpump,SOL,sponsored,BULLCAT (token-2022): token to SOL
25,0,sell,0.005,SOL,DdPrHYqM8Ueovnk9kAnAgoGhswkuaTqmxcoZzU3Zpump,sponsored,manlet (token-2022): SOL to token
25,0,sell,15800,DdPrHYqM8Ueovnk9kAnAgoGhswkuaTqmxcoZzU3Zpump,SOL,sponsored,manlet (token-2022): token to SOL
26,0,sell,0.005,SOL,4cvZwC17oMiUA7peKX5GhbaUWv4U5Lwrd8118xnFpump,sponsored,CATALORIAN (token-2022): SOL to token
26,0,sell,105000,4cvZwC17oMiUA7peKX5GhbaUWv4U5Lwrd8118xnFpump,SOL,sponsored,CATALORIAN (token-2022): token to SOL
27,0,sell,0.005,SOL,4ChT49V1iazP2XUGtycGkEsS6pRMqvGfUbqvRC9Z91ZT,sponsored,MOS (token-2022): SOL to token
27,0,sell,2920,4ChT49V1iazP2XUGtycGkEsS6pRMqvGfUbqvRC9Z91ZT,SOL,sponsored,MOS (token-2022): token to SOL
28,0,sell,0.005,SOL,DvNcJZTiSMD1RBCtZ2J31mh7s42CVCwrzGapv1Lypump,sponsored,MICRO (classic): SOL to token
28,0,sell,7050,DvNcJZTiSMD1RBCtZ2J31mh7s42CVCwrzGapv1Lypump,SOL,sponsored,MICRO (classic): token to SOL
29,0,sell,0.005,SOL,8SkfuQkYNTskoQUbbjr2JbZQeqQV9egnJXgfMXf5bonk,sponsored,fih (classic): SOL to token
29,0,sell,21600,8SkfuQkYNTskoQUbbjr2JbZQeqQV9egnJXgfMXf5bonk,SOL,sponsored,fih (classic): token to SOL
30,0,sell,0.005,SOL,AA3VLt3muGJiXedDaMnkcst3pfjrg1JBxgHVSdSbpump,sponsored,TINYTANK (token-2022): SOL to token
30,0,sell,60500,AA3VLt3muGJiXedDaMnkcst3pfjrg1JBxgHVSdSbpump,SOL,sponsored,TINYTANK (token-2022): token to SOL
1,0,sell,0.005,SOL,B4iCqVsAZv9dBiBVv58GJiBxWGmwkwbtPTn4sUQTpump,sponsored,Polycat (token-2022): SOL to token
1,0,sell,34400,B4iCqVsAZv9dBiBVv58GJiBxWGmwkwbtPTn4sUQTpump,SOL,sponsored,Polycat (token-2022): token to SOL
2,0,sell,0.005,SOL,3f9LEP4RNM1yq5VnCD1LYMvq7FZis5tfGqyZMsiRpump,sponsored,YOTS (token-2022): SOL to token
2,0,sell,39700,3f9LEP4RNM1yq5VnCD1LYMvq7FZis5tfGqyZMsiRpump,SOL,sponsored,YOTS (token-2022): token to SOL
3,0,sell,0.005,SOL,2NffKvfZTcFj2tyoY1Ev84PkqxA7DZnstyv6EwELpump,sponsored,Sue (token-2022): SOL to token
3,0,sell,33500,2NffKvfZTcFj2tyoY1Ev84PkqxA7DZnstyv6EwELpump,SOL,sponsored,Sue (token-2022): token to SOL
4,0,sell,0.005,SOL,EUB1eZBt4m3X4FbperWnKGJdvLsuLMu2YmJix5yjpump,sponsored,K-HOME (token-2022): SOL to token
4,0,sell,41500,EUB1eZBt4m3X4FbperWnKGJdvLsuLMu2YmJix5yjpump,SOL,sponsored,K-HOME (token-2022): token to SOL
5,0,sell,0.005,SOL,9DdHxVe1BSPaTy3iGEwvWsooRchNLK61XFAvzot59FwD,sponsored,CLIP (token-2022): SOL to token
5,0,sell,39200,9DdHxVe1BSPaTy3iGEwvWsooRchNLK61XFAvzot59FwD,SOL,sponsored,CLIP (token-2022): token to SOL
6,0,sell,0.005,SOL,E2ueKQ3EDTTmCkUA17j3KeTb2u6VT91xiyECdKRzpump,sponsored,tolywifhat (token-2022): SOL to token
6,0,sell,71200,E2ueKQ3EDTTmCkUA17j3KeTb2u6VT91xiyECdKRzpump,SOL,sponsored,tolywifhat (token-2022): token to SOL
7,0,sell,0.005,SOL,8nnaeWCw8mUypcGAgbmSuzAT85uWx4UN12adDrMhXrGF,sponsored,HOTBOT (token-2022): SOL to token
7,0,sell,288,8nnaeWCw8mUypcGAgbmSuzAT85uWx4UN12adDrMhXrGF,SOL,sponsored,HOTBOT (token-2022): token to SOL
8,0,sell,0.005,SOL,6dX5M8DY6VTFtVRX5yzWn9RE4MkJTyoAVbAodk6cpump,sponsored,GEOM (token-2022): SOL to token
8,0,sell,198,6dX5M8DY6VTFtVRX5yzWn9RE4MkJTyoAVbAodk6cpump,SOL,sponsored,GEOM (token-2022): token to SOL
9,0,sell,0.005,SOL,4xMegMRMd2TFQEXxv39vtMP1r5fFVuA7VcaSmAhLpump,sponsored,GUNICORN (token-2022): SOL to token
9,0,sell,36700,4xMegMRMd2TFQEXxv39vtMP1r5fFVuA7VcaSmAhLpump,SOL,sponsored,GUNICORN (token-2022): token to SOL
10,0,sell,0.005,SOL,HooDYv5RewLRiMLnEVq3VJqdqxhuE6c5eYvqejMC3e9A,sponsored,HOOD (token-2022: permanentDelegate defaultAccountState pausableConfig confidentialTransferMint transferHook scaledUiAmountConfig): SOL to token
10,0,sell,0.00479,HooDYv5RewLRiMLnEVq3VJqdqxhuE6c5eYvqejMC3e9A,SOL,sponsored,HOOD (token-2022: permanentDelegate defaultAccountState pausableConfig confidentialTransferMint transferHook scaledUiAmountConfig): token to SOL
11,0,sell,0.005,SOL,CgnQ8a1u99Gk7qoySMd2wrGPMPm9bdcSJNhqMEkYpump,sponsored,Loom (token-2022): SOL to token
11,0,sell,12900,CgnQ8a1u99Gk7qoySMd2wrGPMPm9bdcSJNhqMEkYpump,SOL,sponsored,Loom (token-2022): token to SOL
12,0,sell,0.005,SOL,GCr352ouzNZkNQd3KZqs6jFuQb8LiYnWsEJSUpSfpump,sponsored,GASSPAS (token-2022): SOL to token
12,0,sell,80800,GCr352ouzNZkNQd3KZqs6jFuQb8LiYnWsEJSUpSfpump,SOL,sponsored,GASSPAS (token-2022): token to SOL
13,0,sell,0.005,SOL,897wEhKQtCKXuxxoDA8BH9LWnSpdTKLVzqh1J8xFpump,sponsored,BULLBALLS (token-2022): SOL to token
13,0,sell,80900,897wEhKQtCKXuxxoDA8BH9LWnSpdTKLVzqh1J8xFpump,SOL,sponsored,BULLBALLS (token-2022): token to SOL
14,0,sell,0.005,SOL,H76u9jTTbMtEF5JGmqXM2wW6xqMXpvTdVyer4RvKpump,sponsored,Pumpooor (token-2022): SOL to token
14,0,sell,96700,H76u9jTTbMtEF5JGmqXM2wW6xqMXpvTdVyer4RvKpump,SOL,sponsored,Pumpooor (token-2022): token to SOL
15,0,sell,0.005,SOL,488SaFq6wHF2z2k6NLSD3PtoSkXDNZaPkJwxze11pump,sponsored,MOMO (token-2022): SOL to token
15,0,sell,32100,488SaFq6wHF2z2k6NLSD3PtoSkXDNZaPkJwxze11pump,SOL,sponsored,MOMO (token-2022): token to SOL
16,0,sell,0.005,SOL,6f8ZQhxqfigdv7UszZ1rirbV7Sgv83s3rxv1N2Zopump,sponsored,Dealer (token-2022): SOL to token
16,0,sell,18000,6f8ZQhxqfigdv7UszZ1rirbV7Sgv83s3rxv1N2Zopump,SOL,sponsored,Dealer (token-2022): token to SOL
17,0,sell,0.005,SOL,3vSD9xyKCfRBpP3uDEUJaPyWGNWZDFkv4C4qHbjLpump,sponsored,Sparky (token-2022): SOL to token
17,0,sell,26900,3vSD9xyKCfRBpP3uDEUJaPyWGNWZDFkv4C4qHbjLpump,SOL,sponsored,Sparky (token-2022): token to SOL
18,0,sell,0.005,SOL,EygStH4gHv1h4E8w4raYv6NGsrDiij3nbfCc26iTpump,sponsored,LARP (token-2022): SOL to token
18,0,sell,1760,EygStH4gHv1h4E8w4raYv6NGsrDiij3nbfCc26iTpump,SOL,sponsored,LARP (token-2022): token to SOL
19,0,sell,0.005,SOL,BbJJUTuGV2B7tJ99YeryiCBFLG39Hoc4RTzEwchtpump,sponsored,EGO (token-2022): SOL to token
19,0,sell,7140,BbJJUTuGV2B7tJ99YeryiCBFLG39Hoc4RTzEwchtpump,SOL,sponsored,EGO (token-2022): token to SOL
20,0,sell,0.005,SOL,7MQSupJTpY31HGChEHUAsS1pQhLSrHS5CCsB9bnaN3eS,sponsored,Z (classic): SOL to token
20,0,sell,13600,7MQSupJTpY31HGChEHUAsS1pQhLSrHS5CCsB9bnaN3eS,SOL,sponsored,Z (classic): token to SOL
21,0,sell,0.005,SOL,MSTRdWXMeZxdE8osAQy3fA4rvTY5rgummDSMEx6U7Nz,sponsored,MSTR (token-2022: permanentDelegate defaultAccountState pausableConfig confidentialTransferMint transferHook scaledUiAmountConfig): SOL to token
21,0,sell,0.0034,MSTRdWXMeZxdE8osAQy3fA4rvTY5rgummDSMEx6U7Nz,SOL,sponsored,MSTR (token-2022: permanentDelegate defaultAccountState pausableConfig confidentialTransferMint transferHook scaledUiAmountConfig): token to SOL
22,0,sell,0.005,SOL,4TyZGqRLG3VcHTGMcLBoPUmqYitMVojXinAmkL8xpump,sponsored,testicle (token-2022): SOL to token
22,0,sell,1980,4TyZGqRLG3VcHTGMcLBoPUmqYitMVojXinAmkL8xpump,SOL,sponsored,testicle (token-2022): token to SOL
23,0,sell,0.005,SOL,Dz2iVSLXFp7dXowD1nybWyCXuUcpV7cBZu68YPV5pump,sponsored,Sheep (token-2022): SOL to token
23,0,sell,24400,Dz2iVSLXFp7dXowD1nybWyCXuUcpV7cBZu68YPV5pump,SOL,sponsored,Sheep (token-2022): token to SOL
24,0,sell,0.005,SOL,6e8LLHkqCTa4mzGuL1PoUxSfeHmDeceJ3DaJSSUNg937,sponsored,ARTHUR (token-2022): SOL to token
24,0,sell,4240,6e8LLHkqCTa4mzGuL1PoUxSfeHmDeceJ3DaJSSUNg937,SOL,sponsored,ARTHUR (token-2022): token to SOL
25,0,sell,0.005,SOL,AYJ1tYQZZJ1gmZhURYuXLwG9bygUcgBnYPzriLpxpump,sponsored,MOONDOGECOIN (token-2022): SOL to token
25,0,sell,83400,AYJ1tYQZZJ1gmZhURYuXLwG9bygUcgBnYPzriLpxpump,SOL,sponsored,MOONDOGECOIN (token-2022): token to SOL
26,0,sell,0.005,SOL,3XEe11RMNqNTka33ik2yEmr3siUWmFQWSESP9Ejepump,sponsored,wiwiwi (token-2022): SOL to token
26,0,sell,7460,3XEe11RMNqNTka33ik2yEmr3siUWmFQWSESP9Ejepump,SOL,sponsored,wiwiwi (token-2022): token to SOL
27,0,sell,0.005,SOL,9oDndFiC7RW42vZcmSzacTKMWE9kgeqnzwXDGLSkpump,sponsored,brain (token-2022): SOL to token
27,0,sell,61100,9oDndFiC7RW42vZcmSzacTKMWE9kgeqnzwXDGLSkpump,SOL,sponsored,brain (token-2022): token to SOL
28,0,sell,0.005,SOL,CBcjQNdtgb4SHwKDqKFxD3yPSk7pEMpKHQiMmZrgpump,sponsored,phubber (token-2022): SOL to token
28,0,sell,959,CBcjQNdtgb4SHwKDqKFxD3yPSk7pEMpKHQiMmZrgpump,SOL,sponsored,phubber (token-2022): token to SOL
29,0,sell,0.005,SOL,9GGGhze1NnQwcABTzxdxx89BEFLFtDueHhkwh6japump,sponsored,CatGPT (token-2022): SOL to token
29,0,sell,38700,9GGGhze1NnQwcABTzxdxx89BEFLFtDueHhkwh6japump,SOL,sponsored,CatGPT (token-2022): token to SOL
30,0,sell,0.005,SOL,6Z6qeAuA45G8RrxG7hjZVdPHn1rNHtedJy9WAXg9pump,sponsored,Tilly (token-2022): SOL to token
30,0,sell,45100,6Z6qeAuA45G8RrxG7hjZVdPHn1rNHtedJy9WAXg9pump,SOL,sponsored,Tilly (token-2022): token to SOL
1,0,sell,0.005,SOL,55Vr2VpSwxsDkB6uGGHAvRv86K6zax2Zb4TT8ivwDEzW,sponsored,slopcannon (token-2022): SOL to token
1,0,sell,1260,55Vr2VpSwxsDkB6uGGHAvRv86K6zax2Zb4TT8ivwDEzW,SOL,sponsored,slopcannon (token-2022): token to SOL
2,0,sell,0.005,SOL,89gZQFtEe3RJctXghdbEmht8SV2vQvcN4DNyjmappump,sponsored,HORSE (token-2022): SOL to token
2,0,sell,19900,89gZQFtEe3RJctXghdbEmht8SV2vQvcN4DNyjmappump,SOL,sponsored,HORSE (token-2022): token to SOL
3,0,sell,0.005,SOL,2JHrkVb5NwQEKRgLbBu9CyrG7F7SmvJyLW1NkpdP8WWR,sponsored,WWR (token-2022): SOL to token
3,0,sell,35800,2JHrkVb5NwQEKRgLbBu9CyrG7F7SmvJyLW1NkpdP8WWR,SOL,sponsored,WWR (token-2022): token to SOL
4,0,sell,0.005,SOL,8iYPW781jBDu8zkC6PFY8WpvtbHxSVMgBX8aPnNmRY3z,sponsored,EMBERCAT (classic): SOL to token
4,0,sell,12700,8iYPW781jBDu8zkC6PFY8WpvtbHxSVMgBX8aPnNmRY3z,SOL,sponsored,EMBERCAT (classic): token to SOL
5,0,sell,0.005,SOL,8Byg9wi43TNzgJpYta6UXxPz3LPe8v6ZwvmWWoWQpump,sponsored,BRICK (token-2022): SOL to token
5,0,sell,71400,8Byg9wi43TNzgJpYta6UXxPz3LPe8v6ZwvmWWoWQpump,SOL,sponsored,BRICK (token-2022): token to SOL
6,0,sell,0.005,SOL,7z5KZpYj7BEnGKGCY3kDkaX32ueBSNp8QjvFq8Lxpump,sponsored,旺旺 (token-2022): SOL to token
6,0,sell,33900,7z5KZpYj7BEnGKGCY3kDkaX32ueBSNp8QjvFq8Lxpump,SOL,sponsored,旺旺 (token-2022): token to SOL
7,0,sell,0.005,SOL,A48KeWUuiDSdRQBqAFssgyYATDuBv7cer54V2JSDpump,sponsored,CALLOOOR (token-2022): SOL to token
7,0,sell,42400,A48KeWUuiDSdRQBqAFssgyYATDuBv7cer54V2JSDpump,SOL,sponsored,CALLOOOR (token-2022): token to SOL
8,0,sell,0.005,SOL,918p2GRyDLkhsRvtAHaKZg8yrP5kXSe6CYustqTcpump,sponsored,CATSZN (token-2022): SOL to token
8,0,sell,125000,918p2GRyDLkhsRvtAHaKZg8yrP5kXSe6CYustqTcpump,SOL,sponsored,CATSZN (token-2022): token to SOL
9,0,sell,0.005,SOL,8G5ayEsJF4Q7FEWEGeF4jtnUWZBEKCqhySTFQf9Ppump,sponsored,HeavyPulp (token-2022): SOL to token
9,0,sell,1030,8G5ayEsJF4Q7FEWEGeF4jtnUWZBEKCqhySTFQf9Ppump,SOL,sponsored,HeavyPulp (token-2022): token to SOL
10,0,sell,0.005,SOL,2uxaYT1fVrp6Fg2BrxQcyKSW91hefM6dG9krpbeDiirT,sponsored,reUSD (classic): SOL to token
10,0,sell,0.473,2uxaYT1fVrp6Fg2BrxQcyKSW91hefM6dG9krpbeDiirT,SOL,sponsored,reUSD (classic): token to SOL
11,0,sell,0.005,SOL,vRseBFqTy9QLmmo5qGiwo74AVpdqqMTnxPqWoWMpump,sponsored,Verse (classic): SOL to token
11,0,sell,24,vRseBFqTy9QLmmo5qGiwo74AVpdqqMTnxPqWoWMpump,SOL,sponsored,Verse (classic): token to SOL
12,0,sell,0.005,SOL,9oXA1VWKNiYDYa6VKHBFFBBvZdvuhw1b2eD5Aka7YrVt,sponsored,FLAME (classic): SOL to token
12,0,sell,2070,9oXA1VWKNiYDYa6VKHBFFBBvZdvuhw1b2eD5Aka7YrVt,SOL,sponsored,FLAME (classic): token to SOL
13,0,sell,0.005,SOL,8DXqVUopcdviLvujTcpwEqkKzB43Arp6E1axzsEE5Btq,sponsored,moin (token-2022): SOL to token
13,0,sell,8690,8DXqVUopcdviLvujTcpwEqkKzB43Arp6E1axzsEE5Btq,SOL,sponsored,moin (token-2022): token to SOL
14,0,sell,0.005,SOL,CBLx6CRcCTtbmgTdxpqnF2dP1MpWbMUjngtNbFTApump,sponsored,BACKERS (token-2022): SOL to token
14,0,sell,1620,CBLx6CRcCTtbmgTdxpqnF2dP1MpWbMUjngtNbFTApump,SOL,sponsored,BACKERS (token-2022): token to SOL
15,0,sell,0.005,SOL,5NhN6zzDkzwXFGPFqtpTopV4ttBeZ6CWy1oRL9Rkpump,sponsored,Bagwork (token-2022): SOL to token
15,0,sell,66200,5NhN6zzDkzwXFGPFqtpTopV4ttBeZ6CWy1oRL9Rkpump,SOL,sponsored,Bagwork (token-2022): token to SOL
16,0,sell,0.005,SOL,XLBLxbY1Mr7aadnqAbmqSBXLEyUdjvUXtXCnz8Mpump,sponsored,SOCKET (classic): SOL to token
16,0,sell,43600,XLBLxbY1Mr7aadnqAbmqSBXLEyUdjvUXtXCnz8Mpump,SOL,sponsored,SOCKET (classic): token to SOL
17,0,sell,0.005,SOL,GhuEi5AWtZaWuAda4ysJwMTzU8oMdjiL1bz6eziptT2p,sponsored,FROGE (classic): SOL to token
17,0,sell,3500,GhuEi5AWtZaWuAda4ysJwMTzU8oMdjiL1bz6eziptT2p,SOL,sponsored,FROGE (classic): token to SOL
18,0,sell,0.005,SOL,6rHkNb7HCtkpvdnVJsBCZHH5dw3AndqEjfmbEGhooR7t,sponsored,SCRIBE (classic): SOL to token
18,0,sell,9510,6rHkNb7HCtkpvdnVJsBCZHH5dw3AndqEjfmbEGhooR7t,SOL,sponsored,SCRIBE (classic): token to SOL
19,0,sell,0.005,SOL,B6f27ETGcjgGNB1fqULJbXVmw9FnL8HgBp7R83hmpump,sponsored,drooling (token-2022): SOL to token
19,0,sell,4220,B6f27ETGcjgGNB1fqULJbXVmw9FnL8HgBp7R83hmpump,SOL,sponsored,drooling (token-2022): token to SOL
20,0,sell,0.005,SOL,GvUCjmWSXA5hrTh9smmNA1AU55YCtP9mDLQcrKA1pump,sponsored,WSOLP (token-2022): SOL to token
20,0,sell,421,GvUCjmWSXA5hrTh9smmNA1AU55YCtP9mDLQcrKA1pump,SOL,sponsored,WSOLP (token-2022): token to SOL
21,0,sell,0.005,SOL,4LHBp4xYs3suKjkCuo1qaNaxufWd4Bdp6QYsBJZNpump,sponsored,sami (token-2022): SOL to token
21,0,sell,37100,4LHBp4xYs3suKjkCuo1qaNaxufWd4Bdp6QYsBJZNpump,SOL,sponsored,sami (token-2022): token to SOL
22,0,sell,0.005,SOL,fDxs5y12E7x7jBwCKBXGqt71uJmCWsAQ3Srkte6ondo,sponsored,METAon (token-2022: scaledUiAmountConfig pausableConfig defaultAccountState confidentialTransferMint transferHook): SOL to token
22,0,sell,0.000256,fDxs5y12E7x7jBwCKBXGqt71uJmCWsAQ3Srkte6ondo,SOL,sponsored,METAon (token-2022: scaledUiAmountConfig pausableConfig defaultAccountState confidentialTransferMint transferHook): token to SOL
23,0,sell,0.005,SOL,6fEaYuzirTMXFnFo7dGKHJs8wWVFPdh1bfZL9oRPpump,sponsored,JLY (token-2022): SOL to token
23,0,sell,5450,6fEaYuzirTMXFnFo7dGKHJs8wWVFPdh1bfZL9oRPpump,SOL,sponsored,JLY (token-2022): token to SOL
24,0,sell,0.005,SOL,BxftAowY2dVa2h9KMqDTPk4oMxzU9k6uVbZuoorXpump,sponsored,Holdoween (token-2022): SOL to token
24,0,sell,1500,BxftAowY2dVa2h9KMqDTPk4oMxzU9k6uVbZuoorXpump,SOL,sponsored,Holdoween (token-2022): token to SOL
25,0,sell,0.005,SOL,FQgtfugBdpFN7PZ6NdPrZpVLDBrPGxXesi4gVu3vErhY,sponsored,BMT (classic): SOL to token
25,0,sell,28.2,FQgtfugBdpFN7PZ6NdPrZpVLDBrPGxXesi4gVu3vErhY,SOL,sponsored,BMT (classic): token to SOL
26,0,sell,0.005,SOL,46amR3aeQE7MJ9QDrgNRqBP3FcsJ9QNYV71L2vVSpump,sponsored,claudius (token-2022): SOL to token
26,0,sell,70900,46amR3aeQE7MJ9QDrgNRqBP3FcsJ9QNYV71L2vVSpump,SOL,sponsored,claudius (token-2022): token to SOL
27,0,sell,0.005,SOL,5VnbrKp28Qs9CAH6PyZdxBNvLxZcbeX3YBsozgWnpump,sponsored,darwin (token-2022): SOL to token
27,0,sell,501,5VnbrKp28Qs9CAH6PyZdxBNvLxZcbeX3YBsozgWnpump,SOL,sponsored,darwin (token-2022): token to SOL
28,0,sell,0.005,SOL,EjAuFtMEP6LQDgLb11JU9bkcskhFYbgd9Q5NRXJppump,sponsored,Doge2 (token-2022): SOL to token
28,0,sell,63200,EjAuFtMEP6LQDgLb11JU9bkcskhFYbgd9Q5NRXJppump,SOL,sponsored,Doge2 (token-2022): token to SOL
29,0,sell,0.005,SOL,4tnZ57E3oWjaZKSQY1iwgqiD8ivAGk5TambivhTYpump,sponsored,GMEBULL (token-2022): SOL to token
29,0,sell,44500,4tnZ57E3oWjaZKSQY1iwgqiD8ivAGk5TambivhTYpump,SOL,sponsored,GMEBULL (token-2022): token to SOL
30,0,sell,0.005,SOL,DShht9B8wCRe5t3oqdPB77PnjJbKxbYaZyuWpZQjbonk,sponsored,CONK (classic): SOL to token
30,0,sell,2630,DShht9B8wCRe5t3oqdPB77PnjJbKxbYaZyuWpZQjbonk,SOL,sponsored,CONK (classic): token to SOL
1,0,sell,0.005,SOL,CvjSaRcTmcrfutekYzrBEEdTWx1RmRTWDToqtXmCpump,sponsored,LaPeace (token-2022): SOL to token
1,0,sell,49100,CvjSaRcTmcrfutekYzrBEEdTWx1RmRTWDToqtXmCpump,SOL,sponsored,LaPeace (token-2022): token to SOL
2,0,sell,0.005,SOL,JCKwsT8UAbygnFkZ7u3amDUM7BXRtwUhCsHQv2khpump,sponsored,CHANCE (token-2022): SOL to token
2,0,sell,32300,JCKwsT8UAbygnFkZ7u3amDUM7BXRtwUhCsHQv2khpump,SOL,sponsored,CHANCE (token-2022): token to SOL
3,0,sell,0.005,SOL,HmTi3CQfKfXWbn1tNoiAxH7GzMV7L3tDAmPWabZEBAGS,sponsored,P0 (classic): SOL to token
3,0,sell,48800,HmTi3CQfKfXWbn1tNoiAxH7GzMV7L3tDAmPWabZEBAGS,SOL,sponsored,P0 (classic): token to SOL
4,0,sell,0.005,SOL,5g9PWcRUHpmqm5uKycpShKXJB18sGLeCEzgB3qrRpump,sponsored,SWARM (token-2022): SOL to token
4,0,sell,63500,5g9PWcRUHpmqm5uKycpShKXJB18sGLeCEzgB3qrRpump,SOL,sponsored,SWARM (token-2022): token to SOL
5,0,sell,0.005,SOL,BHS8LHW11NKxzxyCtqz9NJbTkh3h94WqeMVYgTY5pump,sponsored,YOYO (token-2022): SOL to token
5,0,sell,2860,BHS8LHW11NKxzxyCtqz9NJbTkh3h94WqeMVYgTY5pump,SOL,sponsored,YOYO (token-2022): token to SOL
6,0,sell,0.005,SOL,6AVAUKa9uxQpruHZUinFECpXEh1usRVtzQWK8N2wpump,sponsored,SCAM (token-2022): SOL to token
6,0,sell,3680,6AVAUKa9uxQpruHZUinFECpXEh1usRVtzQWK8N2wpump,SOL,sponsored,SCAM (token-2022): token to SOL
7,0,sell,0.005,SOL,63zfjPfH4uaX3TQZoD35WqUrqiuCQQWndMTxQHsJpump,sponsored,Prometheus (token-2022): SOL to token
7,0,sell,9600,63zfjPfH4uaX3TQZoD35WqUrqiuCQQWndMTxQHsJpump,SOL,sponsored,Prometheus (token-2022): token to SOL
8,0,sell,0.005,SOL,CU5e2iqWkXKrEHrg6fgoV6uqptEWL9M98oeU4skpump,sponsored,SAME (token-2022): SOL to token
8,0,sell,144000,CU5e2iqWkXKrEHrg6fgoV6uqptEWL9M98oeU4skpump,SOL,sponsored,SAME (token-2022): token to SOL
9,0,sell,0.005,SOL,oEVufzrtcAvuefkbg2iQku9A6UbFh9f4V5kEiPARQEN,sponsored,ARQ (classic): SOL to token
9,0,sell,72,oEVufzrtcAvuefkbg2iQku9A6UbFh9f4V5kEiPARQEN,SOL,sponsored,ARQ (classic): token to SOL
10,0,sell,0.005,SOL,BtUiqGdsW3H47yvtyKSLhQfzVpwov3wyYY6qssU9pump,sponsored,reptilecoin (token-2022): SOL to token
10,0,sell,66900,BtUiqGdsW3H47yvtyKSLhQfzVpwov3wyYY6qssU9pump,SOL,sponsored,reptilecoin (token-2022): token to SOL
11,0,sell,0.005,SOL,5Jr9hGmJgxBRjjF8XGcGgQzXUdsbpZNNMpigEv8Wpump,sponsored,MUSHU (classic): SOL to token
11,0,sell,147,5Jr9hGmJgxBRjjF8XGcGgQzXUdsbpZNNMpigEv8Wpump,SOL,sponsored,MUSHU (classic): token to SOL
12,0,sell,0.005,SOL,E7vTVLLaxV3y68cpnDx2Q7ExeznhWgJKwPziKDsrpump,sponsored,HOMIE (token-2022): SOL to token
12,0,sell,104000,E7vTVLLaxV3y68cpnDx2Q7ExeznhWgJKwPziKDsrpump,SOL,sponsored,HOMIE (token-2022): token to SOL
13,0,sell,0.005,SOL,CcgRSw62atZK9EEAQVGyTcsshgtGJxtLHK2ZGwZ7pump,sponsored,Sky (token-2022): SOL to token
13,0,sell,172000,CcgRSw62atZK9EEAQVGyTcsshgtGJxtLHK2ZGwZ7pump,SOL,sponsored,Sky (token-2022): token to SOL
14,0,sell,0.005,SOL,4eKYoR1hBHnRaYyg2d57H36uUatRNyZr1NRP9ScNpump,sponsored,DONALT (token-2022): SOL to token
14,0,sell,111000,4eKYoR1hBHnRaYyg2d57H36uUatRNyZr1NRP9ScNpump,SOL,sponsored,DONALT (token-2022): token to SOL
15,0,sell,0.005,SOL,86KR6eG2VuNntLBi23SAYFW1cXkiYcwxGJd746rqcUAG,sponsored,MIM (token-2022): SOL to token
15,0,sell,24200,86KR6eG2VuNntLBi23SAYFW1cXkiYcwxGJd746rqcUAG,SOL,sponsored,MIM (token-2022): token to SOL
16,0,sell,0.005,SOL,8HykgZKXNpMhfxQtDPb7AayRKJonZaQ8Mw1Xo3xmpump,sponsored,SISYPUSS (token-2022): SOL to token
16,0,sell,72100,8HykgZKXNpMhfxQtDPb7AayRKJonZaQ8Mw1Xo3xmpump,SOL,sponsored,SISYPUSS (token-2022): token to SOL
17,0,sell,0.005,SOL,7K4jGRV7PY1EymiY3jx75JSfi1jjzG7Gh5XHqF2Upump,sponsored,3place (token-2022): SOL to token
17,0,sell,5900,7K4jGRV7PY1EymiY3jx75JSfi1jjzG7Gh5XHqF2Upump,SOL,sponsored,3place (token-2022): token to SOL
18,0,sell,0.005,SOL,3wwU3njdLCT3ebRUrTFeHwKG6zamiiCKwmpShSK2pump,sponsored,Mouse (token-2022): SOL to token
18,0,sell,80700,3wwU3njdLCT3ebRUrTFeHwKG6zamiiCKwmpShSK2pump,SOL,sponsored,Mouse (token-2022): token to SOL
19,0,sell,0.005,SOL,ATBR4i19gcQ31Rfr7ymA2XvkCQEAkNFGBtVKTmdqpump,sponsored,Machi (token-2022): SOL to token
19,0,sell,1100,ATBR4i19gcQ31Rfr7ymA2XvkCQEAkNFGBtVKTmdqpump,SOL,sponsored,Machi (token-2022): token to SOL
20,0,sell,0.005,SOL,EV169nnxWHQGvDFiz999BUt8XDpcRLmwqkciytRQGFg2,sponsored,CONTRA (classic): SOL to token
20,0,sell,132000,EV169nnxWHQGvDFiz999BUt8XDpcRLmwqkciytRQGFg2,SOL,sponsored,CONTRA (classic): token to SOL
21,0,sell,0.005,SOL,GiRrLzdan5Gz31ngH4zgxk6ybYaryNVCSLdAJyn1pump,sponsored,SalaryCat (token-2022): SOL to token
21,0,sell,43100,GiRrLzdan5Gz31ngH4zgxk6ybYaryNVCSLdAJyn1pump,SOL,sponsored,SalaryCat (token-2022): token to SOL
22,0,sell,0.005,SOL,JCsKWhELRJ8MhEZjUDdCL49mntw8fx27bKAgCMgSGhcQ,sponsored,SAM (token-2022): SOL to token
22,0,sell,2030,JCsKWhELRJ8MhEZjUDdCL49mntw8fx27bKAgCMgSGhcQ,SOL,sponsored,SAM (token-2022): token to SOL
23,0,sell,0.005,SOL,MsGDybWRSNdNXkdDZhEksgzugT5CbVWUG2wkhwgpump,sponsored,MeiMei (token-2022): SOL to token
23,0,sell,2030,MsGDybWRSNdNXkdDZhEksgzugT5CbVWUG2wkhwgpump,SOL,sponsored,MeiMei (token-2022): token to SOL
24,0,sell,0.005,SOL,FgJReZeYfmKZeWrCaGYL8gLnUixwBhjdHuRknC6ypump,sponsored,Doggo (token-2022): SOL to token
24,0,sell,42800,FgJReZeYfmKZeWrCaGYL8gLnUixwBhjdHuRknC6ypump,SOL,sponsored,Doggo (token-2022): token to SOL
25,0,sell,0.005,SOL,7MYegHoqDGhWdvrnxeuiAEndgG6qcs1N3W5v6SXspump,sponsored,Buddy (token-2022): SOL to token
25,0,sell,49600,7MYegHoqDGhWdvrnxeuiAEndgG6qcs1N3W5v6SXspump,SOL,sponsored,Buddy (token-2022): token to SOL
26,0,sell,0.005,SOL,NTFSzFdqyjt4babasFp6RxsQj8QLs6xYYKcQMnhmBe7,sponsored,NTFS (classic): SOL to token
26,0,sell,10000,NTFSzFdqyjt4babasFp6RxsQj8QLs6xYYKcQMnhmBe7,SOL,sponsored,NTFS (classic): token to SOL
27,0,sell,0.005,SOL,4MrsXQzaosYNyFd4wKDvgnC5xRtRqgXRrijFTGj9pump,sponsored,NORMIE (token-2022): SOL to token
27,0,sell,549,4MrsXQzaosYNyFd4wKDvgnC5xRtRqgXRrijFTGj9pump,SOL,sponsored,NORMIE (token-2022): token to SOL
28,0,sell,0.005,SOL,8Jx8AAHj86wbQgUTjGuj6GTTL5Ps3cqxKRTvpaJApump,sponsored,PENGUIN (token-2022): SOL to token
28,0,sell,871,8Jx8AAHj86wbQgUTjGuj6GTTL5Ps3cqxKRTvpaJApump,SOL,sponsored,PENGUIN (token-2022): token to SOL
29,0,sell,0.005,SOL,46vV3ZpFNLZn1CDRYnAvqPsdW5ejEYn9GK9kPcZFpump,sponsored,honse (token-2022): SOL to token
29,0,sell,60300,46vV3ZpFNLZn1CDRYnAvqPsdW5ejEYn9GK9kPcZFpump,SOL,sponsored,honse (token-2022): token to SOL
30,0,sell,0.005,SOL,8gEtFeKeRt1QREkU51dRih9pQ39PyYpRRZTyLg2v5qFn,sponsored,sharkdog (token-2022): SOL to token
30,0,sell,77100,8gEtFeKeRt1QREkU51dRih9pQ39PyYpRRZTyLg2v5qFn,SOL,sponsored,sharkdog (token-2022): token to SOL
1,0,sell,0.005,SOL,5sd8bKraewJNHFg72scxxYXNeLCASVct1gxqi3Xipump,sponsored,RAKO (token-2022): SOL to token
1,0,sell,56200,5sd8bKraewJNHFg72scxxYXNeLCASVct1gxqi3Xipump,SOL,sponsored,RAKO (token-2022): token to SOL
2,0,sell,0.005,SOL,iNTCy1qTsUEZQe3DSocLz1ZXXai34Gdw8THQh5rxFaF,sponsored,INTC (token-2022: permanentDelegate defaultAccountState pausableConfig confidentialTransferMint transferHook scaledUiAmountConfig): SOL to token
2,0,sell,0.00462,iNTCy1qTsUEZQe3DSocLz1ZXXai34Gdw8THQh5rxFaF,SOL,sponsored,INTC (token-2022: permanentDelegate defaultAccountState pausableConfig confidentialTransferMint transferHook scaledUiAmountConfig): token to SOL
3,0,sell,0.005,SOL,CKgdzzmPQvGFV3MXJTKLYWuZNeaBy5cHMrSXnF9Zpump,sponsored,STONKLESS (token-2022): SOL to token
3,0,sell,163000,CKgdzzmPQvGFV3MXJTKLYWuZNeaBy5cHMrSXnF9Zpump,SOL,sponsored,STONKLESS (token-2022): token to SOL
4,0,sell,0.005,SOL,BZFYNPeQAEW3HWQ4DNsTVahC1n4ZjTgn6jB2nnBbB96W,sponsored,SAPLING (token-2022): SOL to token
4,0,sell,191,BZFYNPeQAEW3HWQ4DNsTVahC1n4ZjTgn6jB2nnBbB96W,SOL,sponsored,SAPLING (token-2022): token to SOL
5,0,sell,0.005,SOL,5iqjhP5ig6JWdXQf6hYAwojZeMf11pTCvH87gCQtpump,sponsored,TTP (token-2022): SOL to token
5,0,sell,4190,5iqjhP5ig6JWdXQf6hYAwojZeMf11pTCvH87gCQtpump,SOL,sponsored,TTP (token-2022): token to SOL
6,0,sell,0.005,SOL,BAGWtYQm6kei9M9hoVcY3pqXxeiGZ1poGoq51io5mJS6,sponsored,POB (token-2022): SOL to token
6,0,sell,45700,BAGWtYQm6kei9M9hoVcY3pqXxeiGZ1poGoq51io5mJS6,SOL,sponsored,POB (token-2022): token to SOL
7,0,sell,0.005,SOL,c4AtfqMRbC9FuHtVEHDhCm453tytU9E34MXXrp6bLuf,sponsored,BLUF (token-2022): SOL to token
7,0,sell,65600,c4AtfqMRbC9FuHtVEHDhCm453tytU9E34MXXrp6bLuf,SOL,sponsored,BLUF (token-2022): token to SOL
8,0,sell,0.005,SOL,A6mrpBeeNKm743fiNg8Mrz7pj7uGML5rgDjWo4nrpump,sponsored,hwg (token-2022): SOL to token
8,0,sell,59000,A6mrpBeeNKm743fiNg8Mrz7pj7uGML5rgDjWo4nrpump,SOL,sponsored,hwg (token-2022): token to SOL
9,0,sell,0.005,SOL,7tEsDuij7aj4b2jLUAS5oXcp6B3zWratYVmviS5zpump,sponsored,VAULT (token-2022): SOL to token
9,0,sell,89500,7tEsDuij7aj4b2jLUAS5oXcp6B3zWratYVmviS5zpump,SOL,sponsored,VAULT (token-2022): token to SOL
10,0,sell,0.005,SOL,H3GtwGSrYRVqp7dtjkaDfjE2inydLkHwFkFJSPzrpump,sponsored,BNUT (token-2022): SOL to token
10,0,sell,91900,H3GtwGSrYRVqp7dtjkaDfjE2inydLkHwFkFJSPzrpump,SOL,sponsored,BNUT (token-2022): token to SOL
11,0,sell,0.005,SOL,9HHTQ7YMx82E987cNqF9KczyZrfKgqvKNyA2yHSVpump,sponsored,CYBERCAT (token-2022): SOL to token
11,0,sell,74700,9HHTQ7YMx82E987cNqF9KczyZrfKgqvKNyA2yHSVpump,SOL,sponsored,CYBERCAT (token-2022): token to SOL
12,0,sell,0.005,SOL,DKxHTQCvDKUke1WpsHgbfueuRiTMqdzXrWeFHPvzpump,sponsored,奶蛙 (token-2022): SOL to token
12,0,sell,33500,DKxHTQCvDKUke1WpsHgbfueuRiTMqdzXrWeFHPvzpump,SOL,sponsored,奶蛙 (token-2022): token to SOL
13,0,sell,0.005,SOL,tpg7sWJPSKijHqPqtpHY2BWBEUq1RwGxmJpD8Tppump,sponsored,PUMPGUY (token-2022): SOL to token
13,0,sell,26500,tpg7sWJPSKijHqPqtpHY2BWBEUq1RwGxmJpD8Tppump,SOL,sponsored,PUMPGUY (token-2022): token to SOL
14,0,sell,0.005,SOL,AfVUPhruMtJuFVtPj4u8kvpNbNEuy7VQ3ME5eAHq9999,sponsored,STOXES (classic): SOL to token
14,0,sell,5000,AfVUPhruMtJuFVtPj4u8kvpNbNEuy7VQ3ME5eAHq9999,SOL,sponsored,STOXES (classic): token to SOL
15,0,sell,0.005,SOL,75gGuxuqKhQQiHae8JKDQaetK3XguKf1rUJ1csispump,sponsored,Attention+ (token-2022): SOL to token
15,0,sell,1840,75gGuxuqKhQQiHae8JKDQaetK3XguKf1rUJ1csispump,SOL,sponsored,Attention+ (token-2022): token to SOL
16,0,sell,0.005,SOL,9ZtbETDNjnST9Y2zs82FZYy49xUMPgqXRh46YjjRpump,sponsored,Brötchen (token-2022): SOL to token
16,0,sell,34900,9ZtbETDNjnST9Y2zs82FZYy49xUMPgqXRh46YjjRpump,SOL,sponsored,Brötchen (token-2022): token to SOL
17,0,sell,0.005,SOL,6iAj2oywQMiD9NeyTcW1S7UtG7e3jSK7Ud5ZJDqJpump,sponsored,HI (token-2022): SOL to token
17,0,sell,15500,6iAj2oywQMiD9NeyTcW1S7UtG7e3jSK7Ud5ZJDqJpump,SOL,sponsored,HI (token-2022): token to SOL
18,0,sell,0.005,SOL,VzqFToxrHqs7BFtfWvwmGAn6nv7p9W3zdmW95iTpump,sponsored,YES (token-2022): SOL to token
18,0,sell,177000,VzqFToxrHqs7BFtfWvwmGAn6nv7p9W3zdmW95iTpump,SOL,sponsored,YES (token-2022): token to SOL
19,0,sell,0.005,SOL,2RSbZYTwWchqaj2CvzQmRDPzVJhR1hZoVtpurVA2pump,sponsored,$Fly-001 (token-2022): SOL to token
19,0,sell,44300,2RSbZYTwWchqaj2CvzQmRDPzVJhR1hZoVtpurVA2pump,SOL,sponsored,$Fly-001 (token-2022): token to SOL
20,0,sell,0.005,SOL,4K1m7gAMDKzrxQn68yuZAd767w57Fw7Ykw69dG3umeta,sponsored,RAWR (classic): SOL to token
20,0,sell,19.4,4K1m7gAMDKzrxQn68yuZAd767w57Fw7Ykw69dG3umeta,SOL,sponsored,RAWR (classic): token to SOL
21,0,sell,0.005,SOL,FW6R4QQeP4fzqRwDHbBkpjHx3ecvYwhd5g7chKg8pump,sponsored,WINNING (token-2022): SOL to token
21,0,sell,105000,FW6R4QQeP4fzqRwDHbBkpjHx3ecvYwhd5g7chKg8pump,SOL,sponsored,WINNING (token-2022): token to SOL
22,0,sell,0.005,SOL,6Quog29HQ5tA5BdnCv3FWpW8WEpdxCsxEpt2TGCZpump,sponsored,Gnomes (token-2022): SOL to token
22,0,sell,56400,6Quog29HQ5tA5BdnCv3FWpW8WEpdxCsxEpt2TGCZpump,SOL,sponsored,Gnomes (token-2022): token to SOL
23,0,sell,0.005,SOL,D6ytjMdBBPoV8nsRHJhvrkpwF7sgVBYd7PufkRHNpump,sponsored,CASHCOW (token-2022): SOL to token
23,0,sell,65700,D6ytjMdBBPoV8nsRHJhvrkpwF7sgVBYd7PufkRHNpump,SOL,sponsored,CASHCOW (token-2022): token to SOL
24,0,sell,0.005,SOL,GfjJ5MLzVcXtkrB4A5pV3G1nd4dMNekgPzvc7Fujpump,sponsored,Council (token-2022): SOL to token
24,0,sell,72200,GfjJ5MLzVcXtkrB4A5pV3G1nd4dMNekgPzvc7Fujpump,SOL,sponsored,Council (token-2022): token to SOL
25,0,sell,0.005,SOL,DTGWeDVPAvr7TdY7sdbfjz2bi4QihVMMn9KhyKH1pump,sponsored,WOFL (token-2022): SOL to token
25,0,sell,74700,DTGWeDVPAvr7TdY7sdbfjz2bi4QihVMMn9KhyKH1pump,SOL,sponsored,WOFL (token-2022): token to SOL
26,0,sell,0.005,SOL,XVTWySJscWWGf7rasayZ1AL9m85SYPWX8CxNxxppump,sponsored,EARNBOT (token-2022): SOL to token
26,0,sell,166000,XVTWySJscWWGf7rasayZ1AL9m85SYPWX8CxNxxppump,SOL,sponsored,EARNBOT (token-2022): token to SOL
27,0,sell,0.005,SOL,6xHEyem9hmkGtVq6XGCiQUGpPsHBaoYuYdFNZa5ondo,sponsored,CRCLon (token-2022: scaledUiAmountConfig pausableConfig defaultAccountState confidentialTransferMint transferHook): SOL to token
27,0,sell,0.00641,6xHEyem9hmkGtVq6XGCiQUGpPsHBaoYuYdFNZa5ondo,SOL,sponsored,CRCLon (token-2022: scaledUiAmountConfig pausableConfig defaultAccountState confidentialTransferMint transferHook): token to SOL
28,0,sell,0.005,SOL,7LRpiiDzNVRdxfatA5T1iGvQmPUP46pMkpfGnqYWpump,sponsored,Cupsey2028 (token-2022): SOL to token
28,0,sell,143000,7LRpiiDzNVRdxfatA5T1iGvQmPUP46pMkpfGnqYWpump,SOL,sponsored,Cupsey2028 (token-2022): token to SOL
29,0,sell,0.005,SOL,73DRYB2YpoHiZUdq37hQmHTR7Yvg5qJKsxxaYrsJSBCJ,sponsored,CHEEMS (classic): SOL to token
29,0,sell,37400,73DRYB2YpoHiZUdq37hQmHTR7Yvg5qJKsxxaYrsJSBCJ,SOL,sponsored,CHEEMS (classic): token to SOL
30,0,sell,0.005,SOL,2TvUVvuQeVcUwVFp6WVy61wwpnSMG6kNzYpdvEkMpump,sponsored,MEAT (token-2022): SOL to token
30,0,sell,55000,2TvUVvuQeVcUwVFp6WVy61wwpnSMG6kNzYpdvEkMpump,SOL,sponsored,MEAT (token-2022): token to SOL
1,0,sell,0.005,SOL,4WECKfvfgEiojyZJq5Xm12Hvk76rhM4VHQAZGaELpump,sponsored,JEANCOIN (token-2022): SOL to token
1,0,sell,113000,4WECKfvfgEiojyZJq5Xm12Hvk76rhM4VHQAZGaELpump,SOL,sponsored,JEANCOIN (token-2022): token to SOL
2,0,sell,0.005,SOL,GwZvGvVzjWTL1mvpw55KQWztTQvWo3B6ew16N2aspump,sponsored,Bison (token-2022): SOL to token
2,0,sell,99200,GwZvGvVzjWTL1mvpw55KQWztTQvWo3B6ew16N2aspump,SOL,sponsored,Bison (token-2022): token to SOL
3,0,sell,0.005,SOL,y1AZt42vceCmStjW4zetK3VoNarC1VxJ5iDjpiupump,sponsored,FARTBOY (classic): SOL to token
3,0,sell,27.6,y1AZt42vceCmStjW4zetK3VoNarC1VxJ5iDjpiupump,SOL,sponsored,FARTBOY (classic): token to SOL
4,0,sell,0.005,SOL,8H5yfL1GoDETLDaLYZzrgQuZs37eiKJjdfP21b6ypump,sponsored,SAAR (token-2022): SOL to token
4,0,sell,1130,8H5yfL1GoDETLDaLYZzrgQuZs37eiKJjdfP21b6ypump,SOL,sponsored,SAAR (token-2022): token to SOL
5,0,sell,0.005,SOL,3dejiWxvpL6QH63rBE38fSrVbna8pVrKbmbPPDke7wuH,sponsored,PCAT (classic): SOL to token
5,0,sell,43100,3dejiWxvpL6QH63rBE38fSrVbna8pVrKbmbPPDke7wuH,SOL,sponsored,PCAT (classic): token to SOL
6,0,sell,0.005,SOL,3d1qHSAkQhoN7kN1C6tvpAArCkXWxwYdBng6taXCDM6u,sponsored,RTM (classic): SOL to token
6,0,sell,2500,3d1qHSAkQhoN7kN1C6tvpAArCkXWxwYdBng6taXCDM6u,SOL,sponsored,RTM (classic): token to SOL
7,0,sell,0.005,SOL,E4vwseNWpkBxzNxyv3msVLCzYHU5SXrj1QWXEycypump,sponsored,BOB (token-2022): SOL to token
7,0,sell,86200,E4vwseNWpkBxzNxyv3msVLCzYHU5SXrj1QWXEycypump,SOL,sponsored,BOB (token-2022): token to SOL
8,0,sell,0.005,SOL,XshPgPdXFRWB8tP1j82rebb2Q9rPgGX37RuqzohmArM,sponsored,INTCx (token-2022: permanentDelegate defaultAccountState scaledUiAmountConfig pausableConfig confidentialTransferMint transferHook): SOL to token
8,0,sell,0.00462,XshPgPdXFRWB8tP1j82rebb2Q9rPgGX37RuqzohmArM,SOL,sponsored,INTCx (token-2022: permanentDelegate defaultAccountState scaledUiAmountConfig pausableConfig confidentialTransferMint transferHook): token to SOL
9,0,sell,0.005,SOL,86JF1S58ZNT7rHhpgjzDuNxcC1PMYkECDuoRQoj5Scy5,sponsored,MEMEFI (classic): SOL to token
9,0,sell,39500,86JF1S58ZNT7rHhpgjzDuNxcC1PMYkECDuoRQoj5Scy5,SOL,sponsored,MEMEFI (classic): token to SOL
10,0,sell,0.005,SOL,Hkpi2SkNWm5LogyY1Bz4zYTq5REVvco2aYWd1tYppump,sponsored,FCM (token-2022): SOL to token
10,0,sell,12100,Hkpi2SkNWm5LogyY1Bz4zYTq5REVvco2aYWd1tYppump,SOL,sponsored,FCM (token-2022): token to SOL
11,0,sell,0.005,SOL,4UeLCRqARmfb6e6KQijtiktqqXUxbfk6jZng7DhuBAGS,sponsored,ASTEROID (classic): SOL to token
11,0,sell,938,4UeLCRqARmfb6e6KQijtiktqqXUxbfk6jZng7DhuBAGS,SOL,sponsored,ASTEROID (classic): token to SOL
12,0,sell,0.005,SOL,82ezhRLKdKwkSC9jkM3js1yf93VbmvLXNMPkBmompump,sponsored,SI (token-2022): SOL to token
12,0,sell,37500,82ezhRLKdKwkSC9jkM3js1yf93VbmvLXNMPkBmompump,SOL,sponsored,SI (token-2022): token to SOL
13,0,sell,0.005,SOL,DFQHUegJWE29Xu3BUxPezqi77uyHURRyxJpdtyvLpump,sponsored,PUMPCAT (token-2022): SOL to token
13,0,sell,55200,DFQHUegJWE29Xu3BUxPezqi77uyHURRyxJpdtyvLpump,SOL,sponsored,PUMPCAT (token-2022): token to SOL
14,0,sell,0.005,SOL,J1Wpmugrooj1yMyQKrdZ2vwRXG5rhfx3vTnYE39gpump,sponsored,WOULD (classic): SOL to token
14,0,sell,18.8,J1Wpmugrooj1yMyQKrdZ2vwRXG5rhfx3vTnYE39gpump,SOL,sponsored,WOULD (classic): token to SOL
15,0,sell,0.005,SOL,G9QZfEPHtZrUF1arcUFvZgYn6zSQLZdvcjCuyhKrpump,sponsored,Stryker (token-2022): SOL to token
15,0,sell,63100,G9QZfEPHtZrUF1arcUFvZgYn6zSQLZdvcjCuyhKrpump,SOL,sponsored,Stryker (token-2022): token to SOL
16,0,sell,0.005,SOL,13i7SfDDzg3t4MQnfZNtFKptHpv8HR2eaGRMfetSpump,sponsored,熊猫 (token-2022): SOL to token
16,0,sell,851,13i7SfDDzg3t4MQnfZNtFKptHpv8HR2eaGRMfetSpump,SOL,sponsored,熊猫 (token-2022): token to SOL
17,0,sell,0.005,SOL,8ZHE4ow1a2jjxuoMfyExuNamQNALv5ekZhsBn5nMDf5e,sponsored,MORI (classic): SOL to token
17,0,sell,143,8ZHE4ow1a2jjxuoMfyExuNamQNALv5ekZhsBn5nMDf5e,SOL,sponsored,MORI (classic): token to SOL
18,0,sell,0.005,SOL,utLyQQCPvjuCc6zeaXdsFeEC3JNdxKS3vxaZWoGdoge,sponsored,OGDOGE (classic): SOL to token
18,0,sell,338,utLyQQCPvjuCc6zeaXdsFeEC3JNdxKS3vxaZWoGdoge,SOL,sponsored,OGDOGE (classic): token to SOL
19,0,sell,0.005,SOL,5pYB12kEhfhSFXJjZ7JtyqDpt6uUqhsF6iu6Ee9spump,sponsored,CATWIF (token-2022): SOL to token
19,0,sell,12800,5pYB12kEhfhSFXJjZ7JtyqDpt6uUqhsF6iu6Ee9spump,SOL,sponsored,CATWIF (token-2022): token to SOL
20,0,sell,0.005,SOL,3oY5NnNAbnRK4eNzPWZFmtAWVW4RNumpni4XtGarpump,sponsored,Mobi (token-2022): SOL to token
20,0,sell,48600,3oY5NnNAbnRK4eNzPWZFmtAWVW4RNumpni4XtGarpump,SOL,sponsored,Mobi (token-2022): token to SOL
21,0,sell,0.005,SOL,Dh5GKcPQFBJXw74yP4u7BCHYQzHoG6JX8dXQaNwvpump,sponsored,WAN (token-2022): SOL to token
21,0,sell,79000,Dh5GKcPQFBJXw74yP4u7BCHYQzHoG6JX8dXQaNwvpump,SOL,sponsored,WAN (token-2022): token to SOL
22,0,sell,0.005,SOL,Bb4jR951QtVjeFAYFLBYXDSMKjbTDroCLPbFLdd7pump,sponsored,memecoin (classic): SOL to token
22,0,sell,1820,Bb4jR951QtVjeFAYFLBYXDSMKjbTDroCLPbFLdd7pump,SOL,sponsored,memecoin (classic): token to SOL
23,0,sell,0.005,SOL,AMUgSjmdFsS8Y3JeL32u7A45Fpt8YF9xKaiwW5uGHdXk,sponsored,CMNS (classic): SOL to token
23,0,sell,714,AMUgSjmdFsS8Y3JeL32u7A45Fpt8YF9xKaiwW5uGHdXk,SOL,sponsored,CMNS (classic): token to SOL
24,0,sell,0.005,SOL,BJUiNooYiZ4ojatPVeJAUXGEd3dcGzQ1ApWDoVTzpump,sponsored,FEEBITS (token-2022): SOL to token
24,0,sell,3320,BJUiNooYiZ4ojatPVeJAUXGEd3dcGzQ1ApWDoVTzpump,SOL,sponsored,FEEBITS (token-2022): token to SOL
25,0,sell,0.005,SOL,9Gv4i5YikU2rV6L9zA3XEXsmjiYqwpnUsLsvADWJpump,sponsored,Diarrhea (token-2022): SOL to token
25,0,sell,70700,9Gv4i5YikU2rV6L9zA3XEXsmjiYqwpnUsLsvADWJpump,SOL,sponsored,Diarrhea (token-2022): token to SOL
26,0,sell,0.005,SOL,aTUfRuPj3tp7FEpzAXLjs4VnQgAFbExD5JHGTyvpump,sponsored,SFM (token-2022): SOL to token
26,0,sell,91600,aTUfRuPj3tp7FEpzAXLjs4VnQgAFbExD5JHGTyvpump,SOL,sponsored,SFM (token-2022): token to SOL
27,0,sell,0.005,SOL,7Xgc5RacHtGzfhw2HukUBk5V986yBbvshr7rrCoopump,sponsored,DRMR (token-2022): SOL to token
27,0,sell,1630,7Xgc5RacHtGzfhw2HukUBk5V986yBbvshr7rrCoopump,SOL,sponsored,DRMR (token-2022): token to SOL
28,0,sell,0.005,SOL,C1rBBXwHPRHeBDhbwSrdGy9EMR9E1AntVg6dabKGpump,sponsored,Kittens (token-2022): SOL to token
28,0,sell,75400,C1rBBXwHPRHeBDhbwSrdGy9EMR9E1AntVg6dabKGpump,SOL,sponsored,Kittens (token-2022): token to SOL
29,0,sell,0.005,SOL,BjbDYig3EfGdsdiFkAqjMHRNzKVLfLBdpmjC4eswpump,sponsored,splashdog (token-2022): SOL to token
29,0,sell,66400,BjbDYig3EfGdsdiFkAqjMHRNzKVLfLBdpmjC4eswpump,SOL,sponsored,splashdog (token-2022): token to SOL
30,0,sell,0.005,SOL,3Tf3RD5t45wQJF8uEYVXpR2M4wBiCaSNwUWENzVGpump,sponsored,Meowpin (token-2022): SOL to token
30,0,sell,44900,3Tf3RD5t45wQJF8uEYVXpR2M4wBiCaSNwUWENzVGpump,SOL,sponsored,Meowpin (token-2022): token to SOL
1,0,sell,0.005,SOL,gEGtLTPNQ7jcg25zTetkbmF7teoDLcrfTnQfmn2ondo,sponsored,NVDAon (token-2022: scaledUiAmountConfig pausableConfig defaultAccountState confidentialTransferMint transferHook): SOL to token
1,0,sell,0.00204,gEGtLTPNQ7jcg25zTetkbmF7teoDLcrfTnQfmn2ondo,SOL,sponsored,NVDAon (token-2022: scaledUiAmountConfig pausableConfig defaultAccountState confidentialTransferMint transferHook): token to SOL
2,0,sell,0.005,SOL,HsRpHQn6VbyMs5b5j5SV6xQ2VvpvvCCzu19GjytVSCoz,sponsored,STRK (classic): SOL to token
2,0,sell,10.7,HsRpHQn6VbyMs5b5j5SV6xQ2VvpvvCCzu19GjytVSCoz,SOL,sponsored,STRK (classic): token to SOL
3,0,sell,0.005,SOL,5Zspimi8VD6LctJLtaSjLqaSUvmh3Rs849iPtGocpump,sponsored,MIZO (token-2022): SOL to token
3,0,sell,99100,5Zspimi8VD6LctJLtaSjLqaSUvmh3Rs849iPtGocpump,SOL,sponsored,MIZO (token-2022): token to SOL
4,0,sell,0.005,SOL,7rSpKgASuXN5hfw3jsKNZN6ysNCR1Eixb2PD2Nd9pump,sponsored,Cog (token-2022): SOL to token
4,0,sell,5050,7rSpKgASuXN5hfw3jsKNZN6ysNCR1Eixb2PD2Nd9pump,SOL,sponsored,Cog (token-2022): token to SOL
5,0,sell,0.005,SOL,2aQKC1xiKpEyAWvzSDrULnYLVuybWyx7qrsnpP8hpump,sponsored,Udin (classic): SOL to token
5,0,sell,7400,2aQKC1xiKpEyAWvzSDrULnYLVuybWyx7qrsnpP8hpump,SOL,sponsored,Udin (classic): token to SOL
6,0,sell,0.005,SOL,HyDKNdnhZNVYQMruBevbNsUWruA9STmAQrS4srXApump,sponsored,ALLINDOGE (classic): SOL to token
6,0,sell,208,HyDKNdnhZNVYQMruBevbNsUWruA9STmAQrS4srXApump,SOL,sponsored,ALLINDOGE (classic): token to SOL
7,0,sell,0.005,SOL,NBiSF3UaVUFtRzHwAfxyHsBCAZWGEKnMpewAE4oh7BG,sponsored,NBIS (token-2022: permanentDelegate defaultAccountState pausableConfig confidentialTransferMint transferHook scaledUiAmountConfig): SOL to token
7,0,sell,0.00222,NBiSF3UaVUFtRzHwAfxyHsBCAZWGEKnMpewAE4oh7BG,SOL,sponsored,NBIS (token-2022: permanentDelegate defaultAccountState pausableConfig confidentialTransferMint transferHook scaledUiAmountConfig): token to SOL
8,0,sell,0.005,SOL,BmSjM7C7VRhznMMVzXidgyuE5ehvTHbRr1uGe2xFpump,sponsored,mogdog (token-2022): SOL to token
8,0,sell,86800,BmSjM7C7VRhznMMVzXidgyuE5ehvTHbRr1uGe2xFpump,SOL,sponsored,mogdog (token-2022): token to SOL
9,0,sell,0.005,SOL,CizcDa22HJjXybKLriibqP167GcJjqiDHDPtuiMmpump,sponsored,ok (token-2022): SOL to token
9,0,sell,39000,CizcDa22HJjXybKLriibqP167GcJjqiDHDPtuiMmpump,SOL,sponsored,ok (token-2022): token to SOL
10,0,sell,0.005,SOL,DD3AC2Cmr5rXzJ6ErRHeryx3ASLVMhSBALiUqeKcpump,sponsored,Leafy (token-2022): SOL to token
10,0,sell,853,DD3AC2Cmr5rXzJ6ErRHeryx3ASLVMhSBALiUqeKcpump,SOL,sponsored,Leafy (token-2022): token to SOL
11,0,sell,0.005,SOL,2nP9yKQNSGQy851iyawDvBkzkK2R2aqKArQCKc2gpump,sponsored,PsyopAnime (token-2022): SOL to token
11,0,sell,1020,2nP9yKQNSGQy851iyawDvBkzkK2R2aqKArQCKc2gpump,SOL,sponsored,PsyopAnime (token-2022): token to SOL
12,0,sell,0.005,SOL,AvecKFxn8ihToR7gwgAVjfqV56N1rWhN7hv8joXQpump,sponsored,COGE (token-2022): SOL to token
12,0,sell,92400,AvecKFxn8ihToR7gwgAVjfqV56N1rWhN7hv8joXQpump,SOL,sponsored,COGE (token-2022): token to SOL
13,0,sell,0.005,SOL,CqW2pd6dCPG9xKZfAsTovzDsMmAGKJSDBNcwM96ondo,sponsored,IVVon (token-2022: scaledUiAmountConfig pausableConfig defaultAccountState confidentialTransferMint transferHook): SOL to token
13,0,sell,0.00062,CqW2pd6dCPG9xKZfAsTovzDsMmAGKJSDBNcwM96ondo,SOL,sponsored,IVVon (token-2022: scaledUiAmountConfig pausableConfig defaultAccountState confidentialTransferMint transferHook): token to SOL
14,0,sell,0.005,SOL,FaL1PFQhNo4JAGaQKSnKurWeNtpexqEAduQjR4H6pump,sponsored,DeFlock (token-2022): SOL to token
14,0,sell,4600,FaL1PFQhNo4JAGaQKSnKurWeNtpexqEAduQjR4H6pump,SOL,sponsored,DeFlock (token-2022): token to SOL
15,0,sell,0.005,SOL,HtqYi2DcSbmCRu2UUAZUuhERimKoWRqUfqA8j8Popump,sponsored,HAPPYCAT (token-2022): SOL to token
15,0,sell,171000,HtqYi2DcSbmCRu2UUAZUuhERimKoWRqUfqA8j8Popump,SOL,sponsored,HAPPYCAT (token-2022): token to SOL
16,0,sell,0.005,SOL,HeC2xWqGT9gPfdvaMuqxPo2bUQ1XgY5wRtnrwTEHpump,sponsored,BELIEVE (token-2022): SOL to token
16,0,sell,1010,HeC2xWqGT9gPfdvaMuqxPo2bUQ1XgY5wRtnrwTEHpump,SOL,sponsored,BELIEVE (token-2022): token to SOL
17,0,sell,0.005,SOL,MboMMGXjGDi45hfjCVzYru32kEM5nw7VzCqCofZpump,sponsored,KCAT (token-2022): SOL to token
17,0,sell,58200,MboMMGXjGDi45hfjCVzYru32kEM5nw7VzCqCofZpump,SOL,sponsored,KCAT (token-2022): token to SOL
18,0,sell,0.005,SOL,G95DFf3fjMqvTraw2T5EduHshNsrrNcaEA4QsD1upump,sponsored,breadcat (token-2022): SOL to token
18,0,sell,64800,G95DFf3fjMqvTraw2T5EduHshNsrrNcaEA4QsD1upump,SOL,sponsored,breadcat (token-2022): token to SOL
19,0,sell,0.005,SOL,6baGyq4HLbUn93MQUGFqBktpXP8BRjpoxSsAap4ppump,sponsored,LEVI (token-2022): SOL to token
19,0,sell,4770,6baGyq4HLbUn93MQUGFqBktpXP8BRjpoxSsAap4ppump,SOL,sponsored,LEVI (token-2022): token to SOL
20,0,sell,0.005,SOL,B5YTUMqSnwzztWHWmzAzHApeRy6cuGEx49Bidt4kuH8w,sponsored,TIPANSEM (token-2022): SOL to token
20,0,sell,7070,B5YTUMqSnwzztWHWmzAzHApeRy6cuGEx49Bidt4kuH8w,SOL,sponsored,TIPANSEM (token-2022): token to SOL
21,0,sell,0.005,SOL,76fvXLL5hPsr6CQUs6PrXTY7VgdyY5tPidjPrpaepump,sponsored,ore (token-2022): SOL to token
21,0,sell,9890,76fvXLL5hPsr6CQUs6PrXTY7VgdyY5tPidjPrpaepump,SOL,sponsored,ore (token-2022): token to SOL
22,0,sell,0.005,SOL,9ckR7pPPvyPadACDTzLwK2ZAEeUJ3qGSnzPs8bVaHrSy,sponsored,USDu (token-2022): SOL to token
22,0,sell,0.523,9ckR7pPPvyPadACDTzLwK2ZAEeUJ3qGSnzPs8bVaHrSy,SOL,sponsored,USDu (token-2022): token to SOL
23,0,sell,0.005,SOL,HaYRgD7rjwj1AwoWjafokj4196sufYm4vKFamLZVpump,sponsored,ARCHIBROWN (token-2022): SOL to token
23,0,sell,24900,HaYRgD7rjwj1AwoWjafokj4196sufYm4vKFamLZVpump,SOL,sponsored,ARCHIBROWN (token-2022): token to SOL
24,0,sell,0.005,SOL,6LLNiWXRZp8hn5oTFTHEo8ERbJS3QJfHSKhnTCqipump,sponsored,MEMIPEDE (token-2022): SOL to token
24,0,sell,29100,6LLNiWXRZp8hn5oTFTHEo8ERbJS3QJfHSKhnTCqipump,SOL,sponsored,MEMIPEDE (token-2022): token to SOL
25,0,sell,0.005,SOL,SPCXwBHVrKpRqMRawL3NNvt1sXP2Yf3edwRbta53N69,sponsored,SPCX69 (token-2022): SOL to token
25,0,sell,36800,SPCXwBHVrKpRqMRawL3NNvt1sXP2Yf3edwRbta53N69,SOL,sponsored,SPCX69 (token-2022): token to SOL
26,0,sell,0.005,SOL,NV2RYH954cTJ3ckFUpvfqaQXU4ARqqDH3562nFSpump,sponsored,Punch (token-2022): SOL to token
26,0,sell,1510,NV2RYH954cTJ3ckFUpvfqaQXU4ARqqDH3562nFSpump,SOL,sponsored,Punch (token-2022): token to SOL
27,0,sell,0.005,SOL,FCR5PjritfaxoYwwDzrYybCKoN3pJDjQ6gNcsymkpump,sponsored,Rigby (classic): SOL to token
27,0,sell,74100,FCR5PjritfaxoYwwDzrYybCKoN3pJDjQ6gNcsymkpump,SOL,sponsored,Rigby (classic): token to SOL
28,0,sell,0.005,SOL,5whR534GcEEmrVPedDPZgWLXKQX3shhHMcdZ1FXCAMzi,sponsored,bcat (classic): SOL to token
28,0,sell,29300,5whR534GcEEmrVPedDPZgWLXKQX3shhHMcdZ1FXCAMzi,SOL,sponsored,bcat (classic): token to SOL
29,0,sell,0.005,SOL,5xhJC2F2q8Mgk1DYaMBTxNY8t8xDE7cdgTcv5cevpump,sponsored,TIT (token-2022): SOL to token
29,0,sell,47700,5xhJC2F2q8Mgk1DYaMBTxNY8t8xDE7cdgTcv5cevpump,SOL,sponsored,TIT (token-2022): token to SOL
30,0,sell,0.005,SOL,LMT3i1BHgixFqPUgcyteJhnEz2dpy9i3cYy4pi9BoeV,sponsored,LMT (token-2022: permanentDelegate defaultAccountState pausableConfig confidentialTransferMint transferHook scaledUiAmountConfig): SOL to token
30,0,sell,0.00104,LMT3i1BHgixFqPUgcyteJhnEz2dpy9i3cYy4pi9BoeV,SOL,sponsored,LMT (token-2022: permanentDelegate defaultAccountState pausableConfig confidentialTransferMint transferHook scaledUiAmountConfig): token to SOL
1,0,sell,0.005,SOL,C6ASDsxzqBvF5bCQFVAGMRWwfgZNhfozbb9DkgiKpump,sponsored,ORANGE (token-2022): SOL to token
1,0,sell,140000,C6ASDsxzqBvF5bCQFVAGMRWwfgZNhfozbb9DkgiKpump,SOL,sponsored,ORANGE (token-2022): token to SOL
2,0,sell,0.005,SOL,HAcEqEVru6dRbe1grLFTPBxjxGgjn1tVpR7bLgYXdust,sponsored,DUST (token-2022): SOL to token
2,0,sell,72000,HAcEqEVru6dRbe1grLFTPBxjxGgjn1tVpR7bLgYXdust,SOL,sponsored,DUST (token-2022): token to SOL
3,0,sell,0.005,SOL,Gihvutvj8wvAFLrazDgoHewwfy75ozjv3bGGdr87pump,sponsored,budi (token-2022): SOL to token
3,0,sell,62500,Gihvutvj8wvAFLrazDgoHewwfy75ozjv3bGGdr87pump,SOL,sponsored,budi (token-2022): token to SOL
4,0,sell,0.005,SOL,D6xWgRCSHoMEB5fqPwk3p6Stxirn5ytm2WwboSTTx4oE,sponsored,PYBOBO (classic): SOL to token
4,0,sell,791,D6xWgRCSHoMEB5fqPwk3p6Stxirn5ytm2WwboSTTx4oE,SOL,sponsored,PYBOBO (classic): token to SOL
5,0,sell,0.005,SOL,GKaYkXHF6n5mKQ9htxWjN1SaXw7nTXQT4Y8S8vMYpump,sponsored,LONGCAT (token-2022): SOL to token
5,0,sell,14300,GKaYkXHF6n5mKQ9htxWjN1SaXw7nTXQT4Y8S8vMYpump,SOL,sponsored,LONGCAT (token-2022): token to SOL
6,0,sell,0.005,SOL,HSZCUrkyJspqMAUrrKr4kSC7j9cKadqVVo4xTyFG7mDi,sponsored,KYOKO (token-2022): SOL to token
6,0,sell,15100,HSZCUrkyJspqMAUrrKr4kSC7j9cKadqVVo4xTyFG7mDi,SOL,sponsored,KYOKO (token-2022): token to SOL
7,0,sell,0.005,SOL,HD9imH98GRajpehqc82B72A8qnPgvzWSHAmvJRPepump,sponsored,Looks (token-2022): SOL to token
7,0,sell,87800,HD9imH98GRajpehqc82B72A8qnPgvzWSHAmvJRPepump,SOL,sponsored,Looks (token-2022): token to SOL
8,0,sell,0.005,SOL,DaPayqzdCXcrmvgz9Wx7MySipXxcSofGPtkMgVdqpump,sponsored,SABL (token-2022): SOL to token
8,0,sell,91300,DaPayqzdCXcrmvgz9Wx7MySipXxcSofGPtkMgVdqpump,SOL,sponsored,SABL (token-2022): token to SOL
9,0,sell,0.005,SOL,7TKRV4SneC6xLRaAt21a6d1kheAzXHGKP9WDzri9aD2e,sponsored,SHINJUKU (token-2022): SOL to token
9,0,sell,3890,7TKRV4SneC6xLRaAt21a6d1kheAzXHGKP9WDzri9aD2e,SOL,sponsored,SHINJUKU (token-2022): token to SOL
10,0,sell,0.005,SOL,Fh7mLxtPAysdvHcMcJ37A3vc6WvBVh7JVDwxmwk6pump,sponsored,GBACK (classic): SOL to token
10,0,sell,120,Fh7mLxtPAysdvHcMcJ37A3vc6WvBVh7JVDwxmwk6pump,SOL,sponsored,GBACK (classic): token to SOL
11,0,sell,0.005,SOL,8KbB6b8uHV3bYd3AJA5nm5vNSqXf29veBVAm91Lpump,sponsored,Meeko (token-2022): SOL to token
11,0,sell,114000,8KbB6b8uHV3bYd3AJA5nm5vNSqXf29veBVAm91Lpump,SOL,sponsored,Meeko (token-2022): token to SOL
12,0,sell,0.005,SOL,GoADAwux19tGxb3W4ykPzZz8p5JCSYaxBRpuW7s9pump,sponsored,OCTO (token-2022): SOL to token
12,0,sell,663,GoADAwux19tGxb3W4ykPzZz8p5JCSYaxBRpuW7s9pump,SOL,sponsored,OCTO (token-2022): token to SOL
13,0,sell,0.005,SOL,CyChQHfYv6Cn8rP1myNFhdVCGq25Fcah6wzTkiu9pump,sponsored,MEMEAGENCY (token-2022): SOL to token
13,0,sell,89900,CyChQHfYv6Cn8rP1myNFhdVCGq25Fcah6wzTkiu9pump,SOL,sponsored,MEMEAGENCY (token-2022): token to SOL
14,0,sell,0.005,SOL,HSUMi4rMgjrx7zRUabw3ogGu1pa5hmF2eVcXj9Apump,sponsored,goon (token-2022): SOL to token
14,0,sell,8960,HSUMi4rMgjrx7zRUabw3ogGu1pa5hmF2eVcXj9Apump,SOL,sponsored,goon (token-2022): token to SOL
15,0,sell,0.005,SOL,CZEB3WNZuF2Yz1z2H81RcCk8T7fsw82KB33zqamASVsg,sponsored,COST (token-2022: permanentDelegate defaultAccountState pausableConfig confidentialTransferMint transferHook scaledUiAmountConfig): SOL to token
15,0,sell,0.000551,CZEB3WNZuF2Yz1z2H81RcCk8T7fsw82KB33zqamASVsg,SOL,sponsored,COST (token-2022: permanentDelegate defaultAccountState pausableConfig confidentialTransferMint transferHook scaledUiAmountConfig): token to SOL
16,0,sell,0.005,SOL,2vvw3cSwibzGD6SgW9QzRaBdmjkYrvs218DUy6VWpump,sponsored,SUNUSI (token-2022): SOL to token
16,0,sell,17500,2vvw3cSwibzGD6SgW9QzRaBdmjkYrvs218DUy6VWpump,SOL,sponsored,SUNUSI (token-2022): token to SOL
17,0,sell,0.005,SOL,HiY4qx8j5QuVh5UFnKyFq1DvzzDNgFkgyyhEeDXhpump,sponsored,KEKODYSSEUS (token-2022): SOL to token
17,0,sell,31000,HiY4qx8j5QuVh5UFnKyFq1DvzzDNgFkgyyhEeDXhpump,SOL,sponsored,KEKODYSSEUS (token-2022): token to SOL
18,0,sell,0.005,SOL,2f2vJQzG1TXCDJ45r8ALGYXvBkQSsow1X4XPUL21pump,sponsored,ASTRO (token-2022): SOL to token
18,0,sell,54000,2f2vJQzG1TXCDJ45r8ALGYXvBkQSsow1X4XPUL21pump,SOL,sponsored,ASTRO (token-2022): token to SOL
19,0,sell,0.005,SOL,DWQJRoA5hQBGafXCbbtNPNnNh8FfL4S9hiVabrK6pump,sponsored,TRENCH (token-2022): SOL to token
19,0,sell,12600,DWQJRoA5hQBGafXCbbtNPNnNh8FfL4S9hiVabrK6pump,SOL,sponsored,TRENCH (token-2022): token to SOL
20,0,sell,0.005,SOL,5CwpF2UsgWvNKeDQaKZPjQCd6jM4K32yNVRVCuh1pump,sponsored,KURO (token-2022): SOL to token
20,0,sell,107000,5CwpF2UsgWvNKeDQaKZPjQCd6jM4K32yNVRVCuh1pump,SOL,sponsored,KURO (token-2022): token to SOL
21,0,sell,0.005,SOL,3taE4SdY29sa3fnwyWqfshudJ95gMb9LoFTy5Uuppump,sponsored,CATJAK (token-2022): SOL to token
21,0,sell,68100,3taE4SdY29sa3fnwyWqfshudJ95gMb9LoFTy5Uuppump,SOL,sponsored,CATJAK (token-2022): token to SOL
22,0,sell,0.005,SOL,6qBR7sk15ZVdt1vx6j1JgtkuurK8WrapugFptWQCyzL6,sponsored,Pygoscelis (token-2022): SOL to token
22,0,sell,95400,6qBR7sk15ZVdt1vx6j1JgtkuurK8WrapugFptWQCyzL6,SOL,sponsored,Pygoscelis (token-2022): token to SOL
23,0,sell,0.005,SOL,6mJoQqcPEjiQ1hFya9oH6NBCQLhvS3mwVQWV9EcTHg9u,sponsored,tomochi (classic): SOL to token
23,0,sell,518,6mJoQqcPEjiQ1hFya9oH6NBCQLhvS3mwVQWV9EcTHg9u,SOL,sponsored,tomochi (classic): token to SOL
24,0,sell,0.005,SOL,24EX9CQqEpR9mNUDTjkooKqRTf2pkY2mgbDqwNDwpump,sponsored,PATE (token-2022): SOL to token
24,0,sell,5550,24EX9CQqEpR9mNUDTjkooKqRTf2pkY2mgbDqwNDwpump,SOL,sponsored,PATE (token-2022): token to SOL
25,0,sell,0.005,SOL,6hTLdzZaaCjmqtn7RtaEMQsCbXT5Pg8q76tRViEGpump,sponsored,ABU (token-2022): SOL to token
25,0,sell,6740,6hTLdzZaaCjmqtn7RtaEMQsCbXT5Pg8q76tRViEGpump,SOL,sponsored,ABU (token-2022): token to SOL
26,0,sell,0.005,SOL,F4K2SbLNgyz9gzNqT8bPeLpRkxy4oMA9twaffUDdZtB6,sponsored,POD (classic): SOL to token
26,0,sell,479,F4K2SbLNgyz9gzNqT8bPeLpRkxy4oMA9twaffUDdZtB6,SOL,sponsored,POD (classic): token to SOL
27,0,sell,0.005,SOL,EpFTb2XcGiMyGLykZ9VYmyPWz2AHEwAggqSbwJpypump,sponsored,IMAGINE (token-2022): SOL to token
27,0,sell,1810,EpFTb2XcGiMyGLykZ9VYmyPWz2AHEwAggqSbwJpypump,SOL,sponsored,IMAGINE (token-2022): token to SOL
28,0,sell,0.005,SOL,2FW3eNWNKSkJFdrSUwPC2U8zxu9MjExgVYxR5Wd7pump,sponsored,TOADLAYER (token-2022): SOL to token
28,0,sell,151000,2FW3eNWNKSkJFdrSUwPC2U8zxu9MjExgVYxR5Wd7pump,SOL,sponsored,TOADLAYER (token-2022): token to SOL
29,0,sell,0.005,SOL,6vVfbQVRSXcfyQamPqCzcqmA86vCzb2d7B7gmDDqpump,sponsored,UPTOBER (classic): SOL to token
29,0,sell,4160,6vVfbQVRSXcfyQamPqCzcqmA86vCzb2d7B7gmDDqpump,SOL,sponsored,UPTOBER (classic): token to SOL
30,0,sell,0.005,SOL,3H7kMWRa7WfrpBGcyMpiAxkjBCc7k1pDShjQLDHJpump,sponsored,SD (classic): SOL to token
30,0,sell,49100,3H7kMWRa7WfrpBGcyMpiAxkjBCc7k1pDShjQLDHJpump,SOL,sponsored,SD (classic): token to SOL
1,0,sell,0.005,SOL,5XtxwuwEbkLM1J86myuKKNcR5rr7hvwf4BKjHeHjpump,sponsored,BABYCALI (token-2022): SOL to token
1,0,sell,180000,5XtxwuwEbkLM1J86myuKKNcR5rr7hvwf4BKjHeHjpump,SOL,sponsored,BABYCALI (token-2022): token to SOL
2,0,sell,0.005,SOL,J33WbCWN2m1EpoNUP9Ch6cWoV5j6BFJervDfgPk3pump,sponsored,Cricket (token-2022): SOL to token
2,0,sell,34400,J33WbCWN2m1EpoNUP9Ch6cWoV5j6BFJervDfgPk3pump,SOL,sponsored,Cricket (token-2022): token to SOL
3,0,sell,0.005,SOL,AfGdjAp9djSaqJxzYo3t6jy8tJA3o2aDPHoZ57Egpump,sponsored,Greyson (token-2022): SOL to token
3,0,sell,80700,AfGdjAp9djSaqJxzYo3t6jy8tJA3o2aDPHoZ57Egpump,SOL,sponsored,Greyson (token-2022): token to SOL
4,0,sell,0.005,SOL,5exGpveFdn2Dcr9o7Pyj35DoYj588rEfkNLcZqHxpump,sponsored,DEER (token-2022): SOL to token
4,0,sell,133000,5exGpveFdn2Dcr9o7Pyj35DoYj588rEfkNLcZqHxpump,SOL,sponsored,DEER (token-2022): token to SOL
