created_utc,uid,owner,sell_token,buy_token,sell_symbol,buy_symbol,kind,sell_amount,buy_amount,executed_sell,executed_buy,api_status,cause,solver,seconds_to_execution,tx_signature,sim_row,sim_step
2026-10-09T14:03:26.106833Z,0xa31ab0eafb57e95f60b446a27725d387d2d0063efcdf3b63b444c28af59786eb,EDimKwHuMtcwxxbAfQPT3EaH9CPpyTLARxLRRwiZV26v,So11111111111111111111111111111111111111112,39ahtL8ynzE4amH26J29C93PA5172V3ft9UuUcqQS8fz,wSOL,AUTON,sell,5000000,16517412572,0,0,expired,Winner too late: creation blockhash expired,,,,7,main
2026-10-09T14:03:26.207185Z,0xf0ca0fd937522a39ec15ffad66f79c3939f18f2a80ee9663965bf59a2dfa8137,4p3tgZxpw2gKnJnVwQ4Ah3av47HywcXfFaXTFGNU2aTT,So11111111111111111111111111111111111111112,6sXzcNzDk8x4Atcee6vv25iw5bLyg8mLJRtVhwM8Kgan,wSOL,LUCKY99,sell,5000000,225908254,0,0,expired,Winner too late: creation blockhash expired,,,,13,main
2026-10-09T14:03:26.299867Z,0xc0782f90575149d4977f4d8006b276102b7cfa01bea44dd3d4dd4f309a220fb8,CaMSDEBp5zy2QxSYqDxqbk28qxFwzLXiNdFJiv9TKqhU,So11111111111111111111111111111111111111112,UpBBfyC75u3kxDGWmmmW2yauk9YY3CqZhdt1KUDkids,wSOL,SHARTCOIN,sell,5000000,2447684387,0,0,expired,Winner too late: creation blockhash expired,,,,15,main
2026-10-09T14:03:26.401579Z,0xe8d56d7f5d2f2c075bb96b693130ad7018fc4b4efa794f5b3e81bbd5b64085ee,FjcXArDzUrBTJ1Lv6Yc8n9atjkNYaxKosVjn6VSxZTrK,So11111111111111111111111111111111111111112,CdhZy8wrRxNxoV8HtoByXKN7mvS46avtuZ1b39tKfx7,wSOL,X7,sell,5000000,2422629266,0,0,expired,Winner too late: creation blockhash expired,,,,19,main
2026-10-09T14:03:26.506764Z,0x46caf5db208c8a8ea19805dafd153e0511324971e9cb0b7cf035a10ba34f95eb,AM6Qwi3vwMCGpRbJ55zDatByeAtsbcfXvXBh77be8C9T,So11111111111111111111111111111111111111112,GoADAwux19tGxb3W4ykPzZz8p5JCSYaxBRpuW7s9pump,wSOL,OCTO,sell,5000000,949639676,0,0,expired,Winner too late: creation blockhash expired,,,,23,main
2026-10-09T14:03:31.731298Z,0xb8a403d55948193f81d0e510b1160f0bd24825ac8b1485c1676a85a537b5b06f,AQHstwk1uwAEnz8JE41HEbbD1EaPBjBwtid2qbo1Q3KD,So11111111111111111111111111111111111111112,98kfF7rmsg1QDUEoCqNE7g7M1FdrTt92TEp2CLzypump,wSOL,PAID,sell,4678996,106089999,0,0,expired,Winner too late: creation blockhash expired,,,,1,acquire
2026-10-09T14:03:31.961219Z,0xd9c193012f3213e4b281a1d4afe92f1dfd129ca686391b32ec85a0031e379872,5akdWDVyHEWgFASL9q18W1wvJcy546hL4EGfPF6Hiwrd,So11111111111111111111111111111111111111112,Hg5Ja55T5wESq4vyFoiVCMeHXtGyVA69X2UHq8hgpump,wSOL,baton,sell,4338696,37283810,0,0,expired,Winner too late: creation blockhash expired,,,,2,acquire
2026-10-09T14:03:39.770346Z,0xa5f5d7530d4e088644d11235865499c924ddec62ae085b72ad35fd536382832e,HTsxGEXBSe8rdUJjtW7e4v4YChNXTVmLQXuqBvvQtJuF,So11111111111111111111111111111111111111112,XsueG8BtpquVJX9LVLLEGuViXUungE6WmK5YZ3p3bd1,wSOL,CRCLx,sell,4678111,619129,0,0,expired,Winner too late: creation blockhash expired,,,,9,acquire
2026-10-09T14:03:40.187642Z,0x42572c49eb2f52eddbd7febfefeb77c10bfafc5ef43fa26494a1012f7a68e9c5,94bjVVSp8jgvP4ivAW3wFomkRpeE3xBouyCWErsR1ANz,So11111111111111111111111111111111111111112,XsqE9cRRpzxcGKDXj1BJ7Xmg4GRhZoyY1KpmGSxAWT2,wSOL,MCDx,sell,4686765,211150,0,0,expired,Winner too late: creation blockhash expired,,,,11,acquire
2026-10-09T14:04:16.033040Z,0x1b7f084771542404867a7efb0384e655563b2d73a51331286f93ba3aefd1c7c7,EDimKwHuMtcwxxbAfQPT3EaH9CPpyTLARxLRRwiZV26v,So11111111111111111111111111111111111111112,39ahtL8ynzE4amH26J29C93PA5172V3ft9UuUcqQS8fz,wSOL,AUTON,sell,4520987,14954670493,0,0,expired,Winner too late: creation blockhash expired,,,,8,acquire
2026-10-09T14:04:16.427140Z,0x6695df5b365fba61d698af5e86541f3bdf2c8812c9d608d1e3028fdc9238fd0a,4p3tgZxpw2gKnJnVwQ4Ah3av47HywcXfFaXTFGNU2aTT,So11111111111111111111111111111111111111112,6sXzcNzDk8x4Atcee6vv25iw5bLyg8mLJRtVhwM8Kgan,wSOL,LUCKY99,sell,4689977,212174022,0,0,expired,Winner too late: creation blockhash expired,,,,14,acquire
2026-10-09T14:04:17.870143Z,0xd069f0ed348d36137d039c3e60fdca6b312da40a03c79e0582d200b1a419a036,CaMSDEBp5zy2QxSYqDxqbk28qxFwzLXiNdFJiv9TKqhU,So11111111111111111111111111111111111111112,UpBBfyC75u3kxDGWmmmW2yauk9YY3CqZhdt1KUDkids,wSOL,SHARTCOIN,sell,4460543,2183602745,0,0,expired,Winner too late: creation blockhash expired,,,,16,acquire
2026-10-09T14:04:17.963719Z,0x344d7e143bd00db8fe58aeb13a0b9897a354932344e8904d701cb16a96931d11,FjcXArDzUrBTJ1Lv6Yc8n9atjkNYaxKosVjn6VSxZTrK,So11111111111111111111111111111111111111112,CdhZy8wrRxNxoV8HtoByXKN7mvS46avtuZ1b39tKfx7,wSOL,X7,sell,4294095,2080599887,0,0,expired,Winner too late: creation blockhash expired,,,,20,acquire
2026-10-09T14:04:21.452177Z,0x3df81487da9604f3102a44727f62b1aebb04e0afea8088ca9cba43d4a843b9b8,AQHstwk1uwAEnz8JE41HEbbD1EaPBjBwtid2qbo1Q3KD,So11111111111111111111111111111111111111112,BoTx8y9ynfdxf5ZjWtCoBVkff52qKA82ysaLU8ZM6d8T,wSOL,BOT,sell,4576250,17819,0,0,expired,Creation tx rejected: blockhash not found,,,,10,acquire
2026-10-09T14:05:01.889259Z,0x0f6c37d5174c5dfe731e9dd116bf504668c05cc7f1c497534c4b12924a639389,FjcXArDzUrBTJ1Lv6Yc8n9atjkNYaxKosVjn6VSxZTrK,So11111111111111111111111111111111111111112,G5W6LwkLeoj6rZqBP1y3KT8k6Cz6rXGJmMNU3TArXtXw,wSOL,STEALF,sell,5000000,1416799032,5000000,1423918625,fulfilled,Executed,Grr6…x1jS,3,4Lz9UEGQGsmHQHtfJkJoFPKqoAfrt7z8BYksYzFbi3nbAKPDmHDZUZM9WR2WAXWuYpV8cvtg7LccydYJZStfxUYQ,25,main
2026-10-09T14:05:02.944407Z,0x771c52f47d85abf48573d6699609cededc66c05d547b9db2e0726fe9f1c7859a,4p3tgZxpw2gKnJnVwQ4Ah3av47HywcXfFaXTFGNU2aTT,So11111111111111111111111111111111111111112,StargWr5r6r8gZSjmEKGZ1dmvKWkj79r2z1xqjFstar,wSOL,STAR,sell,5000000,265923243943,5000000,267271752864,fulfilled,Executed,Grr6…x1jS,2,2LKN87EjU4HMFFz65K21LmPgJFaAxRL7r8SV4V4gcdjepTDCQaCBrvXrEiDeBKcpbxzVHqQ1UP9aTBfjWEmmNkp7,17,main
2026-10-09T14:05:08.646488Z,0x7f030a1bb8d64dcc2df5baa07c04d67ef0fe79b1d9fe7de5caaf6b94aa1fe92d,FjcXArDzUrBTJ1Lv6Yc8n9atjkNYaxKosVjn6VSxZTrK,G5W6LwkLeoj6rZqBP1y3KT8k6Cz6rXGJmMNU3TArXtXw,11111111111111111111111111111111,STEALF,SOL (native),sell,1360000000,4717479,1360000000,4740424,fulfilled,Executed,Grr6…x1jS,4,5vNdEMopfHszuneAoU8LcVWZQKUsrSDTVUwjFaXnXQYxXBVaGbtr8kAoLSyAjtunLv3FvzPE3jPEF8cfZssgAKbo,26,main
2026-10-09T14:05:09.704418Z,0xacf99e07c2dd5b37c7f4b507806e30ec05af7fe250fab9adc5ee8fe73587062d,4p3tgZxpw2gKnJnVwQ4Ah3av47HywcXfFaXTFGNU2aTT,StargWr5r6r8gZSjmEKGZ1dmvKWkj79r2z1xqjFstar,11111111111111111111111111111111,STAR,SOL (native),sell,169000000000,3125014,169000000000,3139795,fulfilled,Executed,Grr6…x1jS,8,2SpnpsVTKotECJJALkt9Lu4cpAsnmvSTyj6s8KSZehx7K535rYHnzgR91C5yE2BpENsJRmw8sgPbX5qpXQrtgECD,18,main
2026-10-09T14:05:11.515673Z,0x6463e9213f2a67733192fe06380458a86d2f9d70955a30bc3647bbaab4873d4d,AQHstwk1uwAEnz8JE41HEbbD1EaPBjBwtid2qbo1Q3KD,So11111111111111111111111111111111111111112,8J69rbLTzWWgUJziFY8jeu5tDwEPBwUz4pKBMr5rpump,wSOL,WOJAK,sell,4664644,297680033,4664644,299193529,fulfilled,Executed,Grr6…x1jS,6,5g4a1VDwwKGpoZRPJrFYfZcQY1VCpAQLG1k8MNxrDmfWs3VxBSxxN1EK9rqs7qXCbT9n7cxtb3FAgPui6sNDPJL9,22,acquire
2026-10-09T14:05:21.116138Z,0xe21e4f2b5b133a48f48b5c8c0482279418d50db61ecb2c4944be628821d89725,AQHstwk1uwAEnz8JE41HEbbD1EaPBjBwtid2qbo1Q3KD,8J69rbLTzWWgUJziFY8jeu5tDwEPBwUz4pKBMr5rpump,11111111111111111111111111111111,WOJAK,SOL (native),sell,289000000,4433754,289000000,4455952,fulfilled,Executed,Grr6…x1jS,3,GAhk3qyGkX9i1C9M6pkxR6VLHifKeCtEJBGsfTmj1o9BzFxmxRWX8hyNBE8xXwF7TLjXSGVnQLDusz5U8Atxq3s,22,main
2026-10-09T14:05:28.850123Z,0x7e0f75dcb314e0d5d3296bb30a66901c5bd680be6785ee951f5452aebb0fb92d,4p3tgZxpw2gKnJnVwQ4Ah3av47HywcXfFaXTFGNU2aTT,StargWr5r6r8gZSjmEKGZ1dmvKWkj79r2z1xqjFstar,11111111111111111111111111111111,STAR,SOL (native),sell,98271752864,1816464,98271752864,1825575,fulfilled,Executed,Grr6…x1jS,5,5Q9rfaVaX8LtmG8kJVrj9grFLoNev53ud1qNZC4hF8DxrTnsTBsqskwi2aQDN2FKuSSCHSDmvv2dysN1xvLvZUKw,,cleanup
