# Retry of session 2026-10-09-11-30-token-universe__top250 (/Users/anxo/Bunker/code/cow/solana-qos/scenarios/token-universe/top250.csv): 40 rows that failed on the sim's RPC (429s, timeouts) and 24 later rows that failed because of them. Same traders, amounts and modes.
# Not included: rows 9, 55, 77, 111, 123, 295, 421 failed before the journal logged them, and the scenario as it ran is gone.
# Regenerate: pnpm sim retry-session 2026-10-09-11-30-token-universe__top250
trader,time,type,amount,token,other_token,mode,note
2,0,sell,0.005,SOL,Es9vMFrzaCERmJfrF4H2FYD4KCoNkY11McCe8BenwNYB,sponsored,retry of row 3: USDT (classic): SOL to token
6,0,sell,0.005,SOL,JuprjznTrTSp2UFa3ZBUFgwdAmtZCq4MQCwysN55USD,sponsored,retry of row 11
12,0,sell,103,98kfF7rmsg1QDUEoCqNE7g7M1FdrTt92TEp2CLzypump,SOL,sponsored,retry of row 24
13,0,sell,0.005,SOL,BPxxfRCXkUVhig4HS1Lh7kZqV6SPJhzfEk4x6fVBjPCy,sponsored,retry of row 25
18,0,sell,0.005,SOL,CARDSccUMFKoPRZxt5vt3ksUbxEFEcnZ3H2pd3dKxYjp,sponsored,retry of row 35
20,0,sell,0.005,SOL,9cRCn9rGT8V2imeM2BaKs13yhMEais3ruM3rPvTGpump,sponsored,retry of row 39
20,0,sell,3.54,9cRCn9rGT8V2imeM2BaKs13yhMEais3ruM3rPvTGpump,SOL,sponsored,retry of row 40
22,0,sell,0.005,SOL,Dz9mQ9NzkBcCsuGPFJ3r1bS4wgqKMHBPiVuniW8Mbonk,sponsored,retry of row 43
4,0,sell,0.00345,J1toso1uCk3RLmjorhTtrVwY9HJ7X8V9yYac6Y7kGCPn,SOL,sponsored,retry of row 68
8,0,sell,68.5,MukLDtJ8Cx9DxLbeyLRSWPSposTMWuwHANbuaudpump,SOL,sponsored,retry of row 76
16,0,sell,0.429,5Y8NV33Vv7WbnLfq3zBcKSdYPrk7g2KoiQoe7M2tcxp5,SOL,sponsored,retry of row 92
18,0,sell,95.6,CTPoyCwkjMvoJwU4xvZZqoD8tiYk6yDchySiN5gGpump,SOL,sponsored,retry of row 96
22,0,sell,0.005,SOL,DoGEV7LASBkQbibMc5k5vKnTZoMg423GpJ5QtJEGfm7R,sponsored,retry of row 103
24,0,sell,6.69,4sWNB8zGWHkh6UnmwiEtzNxL4XrN7uK9tosbESbJFfVs,SOL,sponsored,retry of row 108
25,0,sell,0.137,EicWvteVi2fWepEzS3FYWsnuPoP6caZfjnKqNvydLjCH,SOL,sponsored,retry of row 110
26,0,sell,0.00319,mSoLzYCxHdYgdzU16g5QSh3i5K3z3KZK7ytfqcJm7So,SOL,sponsored,retry of row 112
30,0,sell,0.005,SOL,DJTu7vi8norVzdVAffgvb39VP7wjKeTsgaMBJrzfxvoF,sponsored,retry of row 119
30,0,sell,0.0596,DJTu7vi8norVzdVAffgvb39VP7wjKeTsgaMBJrzfxvoF,SOL,sponsored,retry of row 120
7,0,sell,0.495,5YMkXAYccHSGnHn9nob9xEvv6Pvka9DZWH7nTbotTu9E,SOL,sponsored,retry of row 134
16,0,sell,0.209,orcaEKTdK7LKz57vaAYr9QeNsVEPfiu6QeMU1kektZE,SOL,sponsored,retry of row 152
20,0,sell,0.005,SOL,jtojtomepa8beP8AuQc6eXt5FriJwfFMwQx2v2f9mCL,sponsored,retry of row 159
20,0,sell,0.955,jtojtomepa8beP8AuQc6eXt5FriJwfFMwQx2v2f9mCL,SOL,sponsored,retry of row 160
21,0,sell,163,Ge87EtsjwRQbHaqQmKRno69RFTwh9bfSsm99XNxTpump,SOL,sponsored,retry of row 162
24,0,sell,0.005,SOL,39ahtL8ynzE4amH26J29C93PA5172V3ft9UuUcqQS8fz,sponsored,retry of row 167
7,0,sell,0.005,SOL,DtR4D9FtVoTX2569gaL837ZgrB6wNjj6tkmnX9Rdk9B2,sponsored,retry of row 193
9,0,sell,0.00601,XsueG8BtpquVJX9LVLLEGuViXUungE6WmK5YZ3p3bd1,SOL,sponsored,retry of row 198
12,0,sell,0.0173,BoTx8y9ynfdxf5ZjWtCoBVkff52qKA82ysaLU8ZM6d8T,SOL,sponsored,retry of row 204
15,0,sell,0.238,7ga6rtE9qSb3wdEiDCpTu2kHqoGVfT52jD8ign1rYTvx,SOL,sponsored,retry of row 210
18,0,sell,0.005,SOL,XsqE9cRRpzxcGKDXj1BJ7Xmg4GRhZoyY1KpmGSxAWT2,sponsored,retry of row 215
20,0,sell,0.005,SOL,CtzPWv73Sn1dMGVU3ZtLv9yWSyUAanBni19YWDaznnkn,sponsored,retry of row 219
23,0,sell,0.0013,XsDoVfqeBukxuZHWhdvWHBhgEHjGNst4MLodqsJHzoB,SOL,sponsored,retry of row 226
25,0,sell,0.005,SOL,C8fU5GdfAt5mnw2RK7HE6XJGFNxHpaskZMkXxdm88888,sponsored,retry of row 229
25,0,sell,2.25,C8fU5GdfAt5mnw2RK7HE6XJGFNxHpaskZMkXxdm88888,SOL,sponsored,retry of row 230
4,0,sell,0.005,SOL,SATqS9DYpLQsM2z51P4QCoqJRHa5wboV4qjJerJRUSH,sponsored,retry of row 247
6,0,sell,205,ZBCNpuD7YMXzTHB2fhGkGi78MNsHGLRXUhRewNRm9RU,SOL,sponsored,retry of row 252
7,0,sell,0.005,SOL,CdhZy8wrRxNxoV8HtoByXKN7mvS46avtuZ1b39tKfx7,sponsored,retry of row 313
19,0,sell,0.00126,RACEyWiM2ztEZcJx2AHXU2eWjhxU57x3vXn92b39dLD,SOL,sponsored,retry of row 338
20,0,sell,0.005,SOL,Xs78JED6PFZxWc2wCEPspZW9kL3Se5J7L5TChKgsidH,sponsored,retry of row 339
22,0,sell,0.005,SOL,BZFYNPeQAEW3HWQ4DNsTVahC1n4ZjTgn6jB2nnBbB96W,sponsored,retry of row 343
22,0,sell,253,BZFYNPeQAEW3HWQ4DNsTVahC1n4ZjTgn6jB2nnBbB96W,SOL,sponsored,retry of row 344
12,0,sell,0.005,SOL,8J69rbLTzWWgUJziFY8jeu5tDwEPBwUz4pKBMr5rpump,sponsored,retry of row 383
17,0,sell,0.00298,AavE1kKKnesPw4MuRJmJ9jZs9QzEE8CPxQ3ViczUDfc1,SOL,sponsored,retry of row 394
7,0,sell,0.005,SOL,G5W6LwkLeoj6rZqBP1y3KT8k6Cz6rXGJmMNU3TArXtXw,sponsored,retry of row 433
15,0,sell,0.005,SOL,hntyVP6YFm1Hg25TN9WGLqM12b8TQmcknKrdu1oxWux,sponsored,retry of row 449
4,0,sell,0.005,SOL,4MMQY9bwkxxTtsK3W227Q5ABT6yFY8Pmn9Ze7wmAXKY8,sponsored,retry of row 462
6,0,sell,0.005,SOL,HuAXPyDWDaMYFKuwQHpqL1oPnj93zdzWmtvFGzCeCUa7,sponsored,retry of row 464
7,0,sell,0.005,SOL,6UtY9iTZMQQ5QZVrbzFnNaJntV7oySm9k97mvwnuZcxr,sponsored,retry of row 465
8,0,sell,0.005,SOL,Pren1FvFX6J3E4kXhJuCiAD5aDmGEb7qJRncwA8Lkhw,sponsored,retry of row 466
9,0,sell,0.005,SOL,AGi2s9zPRPHs3zEDPhPTroumTEXK5ufymYSfEFndCSSW,sponsored,retry of row 467
12,0,sell,0.005,SOL,PreweJYECqtQwBtpxHL171nL2K6umo692gTm7Q3rpgF,sponsored,retry of row 470
15,0,sell,0.005,SOL,72yxYmhLgDGwdyi2b9GjDynBB6VuG3kDxNKqDbzXh5bi,sponsored,retry of row 473
16,0,sell,0.005,SOL,8t5C4AWDg4CroMChxdo7rG2e8nJM31QG2GG7Czx9X7x2,sponsored,retry of row 474
17,0,sell,0.005,SOL,E4Ap4icMLwKot8rkkTbq5JkS5kZxt5XCE3yfxbzYBjHx,sponsored,retry of row 475
18,0,sell,0.005,SOL,7MCgYMzq3fov6oERdtTMAYbN2U9LZrrSYS1MBhjixZFr,sponsored,retry of row 476
19,0,sell,0.005,SOL,7ioeSgzfSKHMnpgfPpgRFsekMBGiu9oi6t6GeqYtNbbh,sponsored,retry of row 477
20,0,sell,0.005,SOL,FjTfaSH861nVcbAxdFAHTvhoSL4kyR6wgTWynuJkapht,sponsored,retry of row 478
21,0,sell,0.005,SOL,Pre8AREmFPtoJFT8mQSXQLh56cwJmM7CFDRuoGBZiUP,sponsored,retry of row 479
