# Relevant Solana tokens in no app list (2026-10-07) (../token-universe/tokenlist-missing.json), classified on staging on 2026-10-07.
# Token criteria: barn quotes it, CoinGecko lists it, liquidity >= $50k, and the last 30 days carry >= 5% of the 90-day volume.
# 60 tradable tokens (36 Token-2022): sell 0.005 SOL into each, then 90% of the quote back. 30 traders, ~2 tokens each, back to back.
# Fund with --sol-funding-per-trader 0.05.
# Regenerate: pnpm sim generate-token-list-session --list ../token-universe/tokenlist-missing.json -o ../scenarios/token-lists/missing-from-app
trader,time,type,amount,token,other_token,mode,note
1,0,sell,0.005,SOL,98kfF7rmsg1QDUEoCqNE7g7M1FdrTt92TEp2CLzypump,sponsored,PAID (token-2022): SOL to token
1,0,sell,97.8,98kfF7rmsg1QDUEoCqNE7g7M1FdrTt92TEp2CLzypump,SOL,sponsored,PAID (token-2022): token to SOL
2,0,sell,0.005,SOL,3b8X44fLF9ooXaUm3hhSgjpmVs6rZZ3pPoGnGahc3Uu7,sponsored,PRIME (classic): SOL to token
2,0,sell,0.491,3b8X44fLF9ooXaUm3hhSgjpmVs6rZZ3pPoGnGahc3Uu7,SOL,sponsored,PRIME (classic): token to SOL
3,0,sell,0.005,SOL,CbcyNo7m1amFWqEQm2m4PLv1UNvpcL3C1Ujm6AkzpKoU,sponsored,e/acc (token-2022): SOL to token
3,0,sell,89.6,CbcyNo7m1amFWqEQm2m4PLv1UNvpcL3C1Ujm6AkzpKoU,SOL,sponsored,e/acc (token-2022): token to SOL
4,0,sell,0.005,SOL,Hg5Ja55T5wESq4vyFoiVCMeHXtGyVA69X2UHq8hgpump,sponsored,baton (token-2022): SOL to token
4,0,sell,60.9,Hg5Ja55T5wESq4vyFoiVCMeHXtGyVA69X2UHq8hgpump,SOL,sponsored,baton (token-2022): token to SOL
5,0,sell,0.005,SOL,7VertkgF9KLhxxJXHX6uaWuoYZTP9LdGj2bWmVXVpump,sponsored,Agency (token-2022): SOL to token
5,0,sell,75.2,7VertkgF9KLhxxJXHX6uaWuoYZTP9LdGj2bWmVXVpump,SOL,sponsored,Agency (token-2022): token to SOL
6,0,sell,0.005,SOL,GY9mZfyPpxXxBXBxS2hB2XjhP3kfUsywTvgveozxpump,sponsored,ELON (token-2022): SOL to token
6,0,sell,1390,GY9mZfyPpxXxBXBxS2hB2XjhP3kfUsywTvgveozxpump,SOL,sponsored,ELON (token-2022): token to SOL
7,0,sell,0.005,SOL,DKu9kykSfbN5LBfFXtNNDPaX35o4Fv6vJ9FKk7pZpump,sponsored,AVA (classic): SOL to token
7,0,sell,56.4,DKu9kykSfbN5LBfFXtNNDPaX35o4Fv6vJ9FKk7pZpump,SOL,sponsored,AVA (classic): token to SOL
8,0,sell,0.005,SOL,9aqmJjCnnMQv42TXLk921ceUkN35nea2QP969n1caqjj,sponsored,SI (token-2022): SOL to token
8,0,sell,544,9aqmJjCnnMQv42TXLk921ceUkN35nea2QP969n1caqjj,SOL,sponsored,SI (token-2022): token to SOL
9,0,sell,0.005,SOL,JDzPbXboQYWVmdxXS3LbvjM52RtsV1QaSv2AzoCiai2o,sponsored,FO (classic): SOL to token
9,0,sell,3.7,JDzPbXboQYWVmdxXS3LbvjM52RtsV1QaSv2AzoCiai2o,SOL,sponsored,FO (classic): token to SOL
10,0,sell,0.005,SOL,DoVAVzViX8Bjy3r15nwikSaSbzE6dV4ovd28aWpJpump,sponsored,HIGGS (token-2022): SOL to token
10,0,sell,413,DoVAVzViX8Bjy3r15nwikSaSbzE6dV4ovd28aWpJpump,SOL,sponsored,HIGGS (token-2022): token to SOL
11,0,sell,0.005,SOL,BXoHJddsWJLHtAopeiSbKUSELsu8hSFMs8baGMDkpump,sponsored,CRAWL (token-2022): SOL to token
11,0,sell,141,BXoHJddsWJLHtAopeiSbKUSELsu8hSFMs8baGMDkpump,SOL,sponsored,CRAWL (token-2022): token to SOL
12,0,sell,0.005,SOL,DpBzjtgGLF7QA9Ug3eUVGbnqa6j3jvYBn1XuQuktvfhm,sponsored,DOGE-1 (classic): SOL to token
12,0,sell,7230,DpBzjtgGLF7QA9Ug3eUVGbnqa6j3jvYBn1XuQuktvfhm,SOL,sponsored,DOGE-1 (classic): token to SOL
13,0,sell,0.005,SOL,2bpT3ksMdwdZ6DuHyq3FDUr7HDwvZ5DRZoT1fUPALJaH,sponsored,RIV (classic): SOL to token
13,0,sell,131,2bpT3ksMdwdZ6DuHyq3FDUr7HDwvZ5DRZoT1fUPALJaH,SOL,sponsored,RIV (classic): token to SOL
14,0,sell,0.005,SOL,5tCju6YNxHq5zrA6tGndr6F7TK42mpUFmeE31cSFpump,sponsored,swordcat (token-2022): SOL to token
14,0,sell,325,5tCju6YNxHq5zrA6tGndr6F7TK42mpUFmeE31cSFpump,SOL,sponsored,swordcat (token-2022): token to SOL
15,0,sell,0.005,SOL,CortexFv3fRcLKTgACr7aLqckGh5eP7TP3z9JHoKqMc6,sponsored,CX (classic): SOL to token
15,0,sell,15.2,CortexFv3fRcLKTgACr7aLqckGh5eP7TP3z9JHoKqMc6,SOL,sponsored,CX (classic): token to SOL
16,0,sell,0.005,SOL,8k4sBtEeK4pf26noKqApv8NBTnuSJcbdwpKYknk5PbAA,sponsored,CALI (token-2022): SOL to token
16,0,sell,431,8k4sBtEeK4pf26noKqApv8NBTnuSJcbdwpKYknk5PbAA,SOL,sponsored,CALI (token-2022): token to SOL
17,0,sell,0.005,SOL,FeR8VBqNRSUD5NtXAj2n3j1dAHkZHfyDktKuLXD4pump,sponsored,jellyjelly (classic): SOL to token
17,0,sell,9.59,FeR8VBqNRSUD5NtXAj2n3j1dAHkZHfyDktKuLXD4pump,SOL,sponsored,jellyjelly (classic): token to SOL
18,0,sell,0.005,SOL,LBTCgU4b3wsFKsPwBn1rRZDx5DoFutM6RPiEt1TPDsY,sponsored,LBTC (classic): SOL to token
18,0,sell,0.00000623,LBTCgU4b3wsFKsPwBn1rRZDx5DoFutM6RPiEt1TPDsY,SOL,sponsored,LBTC (classic): token to SOL
19,0,sell,0.005,SOL,HKZDfZnkHZxd9agRDNPyDv4iT6LmAurJnpRtj9wpump,sponsored,MISTAKE (token-2022): SOL to token
19,0,sell,104,HKZDfZnkHZxd9agRDNPyDv4iT6LmAurJnpRtj9wpump,SOL,sponsored,MISTAKE (token-2022): token to SOL
20,0,sell,0.005,SOL,3Dgwn5E7H5a8k6iGrz3qirkaJqUaJrKHEZ2xPcLRpump,sponsored,knightcat (token-2022): SOL to token
20,0,sell,568,3Dgwn5E7H5a8k6iGrz3qirkaJqUaJrKHEZ2xPcLRpump,SOL,sponsored,knightcat (token-2022): token to SOL
21,0,sell,0.005,SOL,CreiuhfwdWCN5mJbMJtA9bBpYQrQF2tCBuZwSPWfpump,sponsored,PYTHIA (classic): SOL to token
21,0,sell,434,CreiuhfwdWCN5mJbMJtA9bBpYQrQF2tCBuZwSPWfpump,SOL,sponsored,PYTHIA (classic): token to SOL
22,0,sell,0.005,SOL,C8fU5GdfAt5mnw2RK7HE6XJGFNxHpaskZMkXxdm88888,sponsored,CTM (classic): SOL to token
22,0,sell,2.36,C8fU5GdfAt5mnw2RK7HE6XJGFNxHpaskZMkXxdm88888,SOL,sponsored,CTM (classic): token to SOL
23,0,sell,0.005,SOL,HcfnJxLov6tY8i1dq9uYRRZKCvxADPpovcfkyXzdpump,sponsored,Chonketha (token-2022): SOL to token
23,0,sell,172,HcfnJxLov6tY8i1dq9uYRRZKCvxADPpovcfkyXzdpump,SOL,sponsored,Chonketha (token-2022): token to SOL
24,0,sell,0.005,SOL,9PR7nCP9DpcUotnDPVLUBUZKu5WAYkwrCUx9wDnSpump,sponsored,Ban (classic): SOL to token
24,0,sell,7.98,9PR7nCP9DpcUotnDPVLUBUZKu5WAYkwrCUx9wDnSpump,SOL,sponsored,Ban (classic): token to SOL
25,0,sell,0.005,SOL,4ChT49V1iazP2XUGtycGkEsS6pRMqvGfUbqvRC9Z91ZT,sponsored,MOS (token-2022): SOL to token
25,0,sell,2900,4ChT49V1iazP2XUGtycGkEsS6pRMqvGfUbqvRC9Z91ZT,SOL,sponsored,MOS (token-2022): token to SOL
26,0,sell,0.005,SOL,8nnaeWCw8mUypcGAgbmSuzAT85uWx4UN12adDrMhXrGF,sponsored,HOTBOT (token-2022): SOL to token
26,0,sell,356,8nnaeWCw8mUypcGAgbmSuzAT85uWx4UN12adDrMhXrGF,SOL,sponsored,HOTBOT (token-2022): token to SOL
27,0,sell,0.005,SOL,6dX5M8DY6VTFtVRX5yzWn9RE4MkJTyoAVbAodk6cpump,sponsored,GEOM (token-2022): SOL to token
27,0,sell,195,6dX5M8DY6VTFtVRX5yzWn9RE4MkJTyoAVbAodk6cpump,SOL,sponsored,GEOM (token-2022): token to SOL
28,0,sell,0.005,SOL,HooDYv5RewLRiMLnEVq3VJqdqxhuE6c5eYvqejMC3e9A,sponsored,HOOD (token-2022: permanentDelegate defaultAccountState pausableConfig confidentialTransferMint transferHook scaledUiAmountConfig): SOL to token
28,0,sell,0.00476,HooDYv5RewLRiMLnEVq3VJqdqxhuE6c5eYvqejMC3e9A,SOL,sponsored,HOOD (token-2022: permanentDelegate defaultAccountState pausableConfig confidentialTransferMint transferHook scaledUiAmountConfig): token to SOL
29,0,sell,0.005,SOL,MSTRdWXMeZxdE8osAQy3fA4rvTY5rgummDSMEx6U7Nz,sponsored,MSTR (token-2022: permanentDelegate defaultAccountState pausableConfig confidentialTransferMint transferHook scaledUiAmountConfig): SOL to token
29,0,sell,0.00338,MSTRdWXMeZxdE8osAQy3fA4rvTY5rgummDSMEx6U7Nz,SOL,sponsored,MSTR (token-2022: permanentDelegate defaultAccountState pausableConfig confidentialTransferMint transferHook scaledUiAmountConfig): token to SOL
30,0,sell,0.005,SOL,4TyZGqRLG3VcHTGMcLBoPUmqYitMVojXinAmkL8xpump,sponsored,testicle (token-2022): SOL to token
30,0,sell,1980,4TyZGqRLG3VcHTGMcLBoPUmqYitMVojXinAmkL8xpump,SOL,sponsored,testicle (token-2022): token to SOL
1,0,sell,0.005,SOL,55Vr2VpSwxsDkB6uGGHAvRv86K6zax2Zb4TT8ivwDEzW,sponsored,slopcannon (token-2022): SOL to token
1,0,sell,1450,55Vr2VpSwxsDkB6uGGHAvRv86K6zax2Zb4TT8ivwDEzW,SOL,sponsored,slopcannon (token-2022): token to SOL
2,0,sell,0.005,SOL,8G5ayEsJF4Q7FEWEGeF4jtnUWZBEKCqhySTFQf9Ppump,sponsored,HeavyPulp (token-2022): SOL to token
2,0,sell,1060,8G5ayEsJF4Q7FEWEGeF4jtnUWZBEKCqhySTFQf9Ppump,SOL,sponsored,HeavyPulp (token-2022): token to SOL
3,0,sell,0.005,SOL,2uxaYT1fVrp6Fg2BrxQcyKSW91hefM6dG9krpbeDiirT,sponsored,reUSD (classic): SOL to token
3,0,sell,0.472,2uxaYT1fVrp6Fg2BrxQcyKSW91hefM6dG9krpbeDiirT,SOL,sponsored,reUSD (classic): token to SOL
4,0,sell,0.005,SOL,vRseBFqTy9QLmmo5qGiwo74AVpdqqMTnxPqWoWMpump,sponsored,Verse (classic): SOL to token
4,0,sell,24,vRseBFqTy9QLmmo5qGiwo74AVpdqqMTnxPqWoWMpump,SOL,sponsored,Verse (classic): token to SOL
5,0,sell,0.005,SOL,GvUCjmWSXA5hrTh9smmNA1AU55YCtP9mDLQcrKA1pump,sponsored,WSOLP (token-2022): SOL to token
5,0,sell,445,GvUCjmWSXA5hrTh9smmNA1AU55YCtP9mDLQcrKA1pump,SOL,sponsored,WSOLP (token-2022): token to SOL
6,0,sell,0.005,SOL,FQgtfugBdpFN7PZ6NdPrZpVLDBrPGxXesi4gVu3vErhY,sponsored,BMT (classic): SOL to token
6,0,sell,28.1,FQgtfugBdpFN7PZ6NdPrZpVLDBrPGxXesi4gVu3vErhY,SOL,sponsored,BMT (classic): token to SOL
7,0,sell,0.005,SOL,5VnbrKp28Qs9CAH6PyZdxBNvLxZcbeX3YBsozgWnpump,sponsored,darwin (token-2022): SOL to token
7,0,sell,501,5VnbrKp28Qs9CAH6PyZdxBNvLxZcbeX3YBsozgWnpump,SOL,sponsored,darwin (token-2022): token to SOL
8,0,sell,0.005,SOL,5Jr9hGmJgxBRjjF8XGcGgQzXUdsbpZNNMpigEv8Wpump,sponsored,MUSHU (classic): SOL to token
8,0,sell,147,5Jr9hGmJgxBRjjF8XGcGgQzXUdsbpZNNMpigEv8Wpump,SOL,sponsored,MUSHU (classic): token to SOL
9,0,sell,0.005,SOL,ATBR4i19gcQ31Rfr7ymA2XvkCQEAkNFGBtVKTmdqpump,sponsored,Machi (token-2022): SOL to token
9,0,sell,1100,ATBR4i19gcQ31Rfr7ymA2XvkCQEAkNFGBtVKTmdqpump,SOL,sponsored,Machi (token-2022): token to SOL
10,0,sell,0.005,SOL,8Jx8AAHj86wbQgUTjGuj6GTTL5Ps3cqxKRTvpaJApump,sponsored,PENGUIN (token-2022): SOL to token
10,0,sell,874,8Jx8AAHj86wbQgUTjGuj6GTTL5Ps3cqxKRTvpaJApump,SOL,sponsored,PENGUIN (token-2022): token to SOL
11,0,sell,0.005,SOL,iNTCy1qTsUEZQe3DSocLz1ZXXai34Gdw8THQh5rxFaF,sponsored,INTC (token-2022: permanentDelegate defaultAccountState pausableConfig confidentialTransferMint transferHook scaledUiAmountConfig): SOL to token
11,0,sell,0.0046,iNTCy1qTsUEZQe3DSocLz1ZXXai34Gdw8THQh5rxFaF,SOL,sponsored,INTC (token-2022: permanentDelegate defaultAccountState pausableConfig confidentialTransferMint transferHook scaledUiAmountConfig): token to SOL
12,0,sell,0.005,SOL,BZFYNPeQAEW3HWQ4DNsTVahC1n4ZjTgn6jB2nnBbB96W,sponsored,SAPLING (token-2022): SOL to token
12,0,sell,216,BZFYNPeQAEW3HWQ4DNsTVahC1n4ZjTgn6jB2nnBbB96W,SOL,sponsored,SAPLING (token-2022): token to SOL
13,0,sell,0.005,SOL,4K1m7gAMDKzrxQn68yuZAd767w57Fw7Ykw69dG3umeta,sponsored,RAWR (classic): SOL to token
13,0,sell,19.3,4K1m7gAMDKzrxQn68yuZAd767w57Fw7Ykw69dG3umeta,SOL,sponsored,RAWR (classic): token to SOL
14,0,sell,0.005,SOL,y1AZt42vceCmStjW4zetK3VoNarC1VxJ5iDjpiupump,sponsored,FARTBOY (classic): SOL to token
14,0,sell,28,y1AZt42vceCmStjW4zetK3VoNarC1VxJ5iDjpiupump,SOL,sponsored,FARTBOY (classic): token to SOL
15,0,sell,0.005,SOL,XshPgPdXFRWB8tP1j82rebb2Q9rPgGX37RuqzohmArM,sponsored,INTCx (token-2022: permanentDelegate defaultAccountState scaledUiAmountConfig pausableConfig confidentialTransferMint transferHook): SOL to token
15,0,sell,0.0046,XshPgPdXFRWB8tP1j82rebb2Q9rPgGX37RuqzohmArM,SOL,sponsored,INTCx (token-2022: permanentDelegate defaultAccountState scaledUiAmountConfig pausableConfig confidentialTransferMint transferHook): token to SOL
16,0,sell,0.005,SOL,J1Wpmugrooj1yMyQKrdZ2vwRXG5rhfx3vTnYE39gpump,sponsored,WOULD (classic): SOL to token
16,0,sell,18.8,J1Wpmugrooj1yMyQKrdZ2vwRXG5rhfx3vTnYE39gpump,SOL,sponsored,WOULD (classic): token to SOL
17,0,sell,0.005,SOL,8ZHE4ow1a2jjxuoMfyExuNamQNALv5ekZhsBn5nMDf5e,sponsored,MORI (classic): SOL to token
17,0,sell,144,8ZHE4ow1a2jjxuoMfyExuNamQNALv5ekZhsBn5nMDf5e,SOL,sponsored,MORI (classic): token to SOL
18,0,sell,0.005,SOL,utLyQQCPvjuCc6zeaXdsFeEC3JNdxKS3vxaZWoGdoge,sponsored,OGDOGE (classic): SOL to token
18,0,sell,338,utLyQQCPvjuCc6zeaXdsFeEC3JNdxKS3vxaZWoGdoge,SOL,sponsored,OGDOGE (classic): token to SOL
19,0,sell,0.005,SOL,HyDKNdnhZNVYQMruBevbNsUWruA9STmAQrS4srXApump,sponsored,ALLINDOGE (classic): SOL to token
19,0,sell,207,HyDKNdnhZNVYQMruBevbNsUWruA9STmAQrS4srXApump,SOL,sponsored,ALLINDOGE (classic): token to SOL
20,0,sell,0.005,SOL,2nP9yKQNSGQy851iyawDvBkzkK2R2aqKArQCKc2gpump,sponsored,PsyopAnime (token-2022): SOL to token
20,0,sell,1110,2nP9yKQNSGQy851iyawDvBkzkK2R2aqKArQCKc2gpump,SOL,sponsored,PsyopAnime (token-2022): token to SOL
21,0,sell,0.005,SOL,HeC2xWqGT9gPfdvaMuqxPo2bUQ1XgY5wRtnrwTEHpump,sponsored,BELIEVE (token-2022): SOL to token
21,0,sell,983,HeC2xWqGT9gPfdvaMuqxPo2bUQ1XgY5wRtnrwTEHpump,SOL,sponsored,BELIEVE (token-2022): token to SOL
22,0,sell,0.005,SOL,9ckR7pPPvyPadACDTzLwK2ZAEeUJ3qGSnzPs8bVaHrSy,sponsored,USDu (token-2022): SOL to token
22,0,sell,0.522,9ckR7pPPvyPadACDTzLwK2ZAEeUJ3qGSnzPs8bVaHrSy,SOL,sponsored,USDu (token-2022): token to SOL
23,0,sell,0.005,SOL,NV2RYH954cTJ3ckFUpvfqaQXU4ARqqDH3562nFSpump,sponsored,Punch (token-2022): SOL to token
23,0,sell,1570,NV2RYH954cTJ3ckFUpvfqaQXU4ARqqDH3562nFSpump,SOL,sponsored,Punch (token-2022): token to SOL
24,0,sell,0.005,SOL,LMT3i1BHgixFqPUgcyteJhnEz2dpy9i3cYy4pi9BoeV,sponsored,LMT (token-2022: permanentDelegate defaultAccountState pausableConfig confidentialTransferMint transferHook scaledUiAmountConfig): SOL to token
24,0,sell,0.00104,LMT3i1BHgixFqPUgcyteJhnEz2dpy9i3cYy4pi9BoeV,SOL,sponsored,LMT (token-2022: permanentDelegate defaultAccountState pausableConfig confidentialTransferMint transferHook scaledUiAmountConfig): token to SOL
25,0,sell,0.005,SOL,D6xWgRCSHoMEB5fqPwk3p6Stxirn5ytm2WwboSTTx4oE,sponsored,PYBOBO (classic): SOL to token
25,0,sell,787,D6xWgRCSHoMEB5fqPwk3p6Stxirn5ytm2WwboSTTx4oE,SOL,sponsored,PYBOBO (classic): token to SOL
26,0,sell,0.005,SOL,Fh7mLxtPAysdvHcMcJ37A3vc6WvBVh7JVDwxmwk6pump,sponsored,GBACK (classic): SOL to token
26,0,sell,118,Fh7mLxtPAysdvHcMcJ37A3vc6WvBVh7JVDwxmwk6pump,SOL,sponsored,GBACK (classic): token to SOL
27,0,sell,0.005,SOL,GoADAwux19tGxb3W4ykPzZz8p5JCSYaxBRpuW7s9pump,sponsored,OCTO (token-2022): SOL to token
27,0,sell,698,GoADAwux19tGxb3W4ykPzZz8p5JCSYaxBRpuW7s9pump,SOL,sponsored,OCTO (token-2022): token to SOL
28,0,sell,0.005,SOL,CZEB3WNZuF2Yz1z2H81RcCk8T7fsw82KB33zqamASVsg,sponsored,COST (token-2022: permanentDelegate defaultAccountState pausableConfig confidentialTransferMint transferHook scaledUiAmountConfig): SOL to token
28,0,sell,0.000553,CZEB3WNZuF2Yz1z2H81RcCk8T7fsw82KB33zqamASVsg,SOL,sponsored,COST (token-2022: permanentDelegate defaultAccountState pausableConfig confidentialTransferMint transferHook scaledUiAmountConfig): token to SOL
29,0,sell,0.005,SOL,F4K2SbLNgyz9gzNqT8bPeLpRkxy4oMA9twaffUDdZtB6,sponsored,POD (classic): SOL to token
29,0,sell,451,F4K2SbLNgyz9gzNqT8bPeLpRkxy4oMA9twaffUDdZtB6,SOL,sponsored,POD (classic): token to SOL
30,0,sell,0.005,SOL,9oxGicd5KXNcthYM6yD23X9zcznQVnHjrAEN38fFpump,sponsored,BioLLM (token-2022): SOL to token
30,0,sell,631,9oxGicd5KXNcthYM6yD23X9zcznQVnHjrAEN38fFpump,SOL,sponsored,BioLLM (token-2022): token to SOL
