# Solana Token List (https://files.cow.fi/token-lists/NearSolana.json), classified on staging on 2026-10-06.
# 12 tradable tokens (1 Token-2022): sell 0.005 SOL into each, then 90% of the quote back. 12 traders, ~1 tokens each, back to back.
# Fund with --sol-funding-per-trader 0.05.
# Regenerate: pnpm sim generate-token-list-session --list https://files.cow.fi/token-lists/NearSolana.json -o ../scenarios/token-lists/near-solana
trader,time,type,amount,token,other_token,mode,note
1,0,sell,0.005,SOL,ukHH6c7mMyiWCf1b9pnWe25TSpkDDt3H5pQZgZ74J82,sponsored,BOME (classic): SOL to token
1,0,sell,528,ukHH6c7mMyiWCf1b9pnWe25TSpkDDt3H5pQZgZ74J82,SOL,sponsored,BOME (classic): token to SOL
2,0,sell,0.005,SOL,6p6xgHyF7AeE6TZkSmFsko444wqoP15icUSqi2jfGiPN,sponsored,TRUMP (classic): SOL to token
2,0,sell,0.269,6p6xgHyF7AeE6TZkSmFsko444wqoP15icUSqi2jfGiPN,SOL,sponsored,TRUMP (classic): token to SOL
3,0,sell,0.005,SOL,2zMMhcVQEXDtdE6vsFS7S7D5oUodfJHE8vd1gnBouauv,sponsored,PENGU (classic): SOL to token
3,0,sell,57.2,2zMMhcVQEXDtdE6vsFS7S7D5oUodfJHE8vd1gnBouauv,SOL,sponsored,PENGU (classic): token to SOL
4,0,sell,0.005,SOL,Es9vMFrzaCERmJfrF4H2FYD4KCoNkY11McCe8BenwNYB,sponsored,USDT (classic): SOL to token
4,0,sell,0.544,Es9vMFrzaCERmJfrF4H2FYD4KCoNkY11McCe8BenwNYB,SOL,sponsored,USDT (classic): token to SOL
5,0,sell,0.005,SOL,CtzPWv73Sn1dMGVU3ZtLv9yWSyUAanBni19YWDaznnkn,sponsored,xBTC (classic): SOL to token
5,0,sell,0.00000633,CtzPWv73Sn1dMGVU3ZtLv9yWSyUAanBni19YWDaznnkn,SOL,sponsored,xBTC (classic): token to SOL
6,0,sell,0.005,SOL,EPjFWdd5AufqSSqeM2qN1xzybapC8G4wEGGkZwyTDt1v,sponsored,USDC (classic): SOL to token
6,0,sell,0.544,EPjFWdd5AufqSSqeM2qN1xzybapC8G4wEGGkZwyTDt1v,SOL,sponsored,USDC (classic): token to SOL
7,0,sell,0.005,SOL,2Dyzu65QA9zdX1UeE7Gx71k7fiwyUK6sZdrvJ7auq5wm,sponsored,TURBO (classic): SOL to token
7,0,sell,510,2Dyzu65QA9zdX1UeE7Gx71k7fiwyUK6sZdrvJ7auq5wm,SOL,sponsored,TURBO (classic): token to SOL
8,0,sell,0.005,SOL,J3NKxxXZcnNiMjKw9hYb2K4LUxgwB6t1FtPtQVsv3KFr,sponsored,SPX (classic): SOL to token
8,0,sell,1.28,J3NKxxXZcnNiMjKw9hYb2K4LUxgwB6t1FtPtQVsv3KFr,SOL,sponsored,SPX (classic): token to SOL
9,0,sell,0.005,SOL,3tMdx4g4grCgqHjELqALfTPnZnG1BLwsPntD3tGREgvp,sponsored,sUSDC (token-2022): SOL to token
9,0,sell,0.478,3tMdx4g4grCgqHjELqALfTPnZnG1BLwsPntD3tGREgvp,SOL,sponsored,sUSDC (token-2022): token to SOL
10,0,sell,0.005,SOL,FUAfBo2jgks6gB4Z4LfZkqSZgzNucisEHqnNebaRxM1P,sponsored,MELANIA (classic): SOL to token
10,0,sell,5.23,FUAfBo2jgks6gB4Z4LfZkqSZgzNucisEHqnNebaRxM1P,SOL,sponsored,MELANIA (classic): token to SOL
11,0,sell,0.005,SOL,EJZJpNa4tDZ3kYdcRZgaAtaKm3fLJ5akmyPkCaKmfWvd,sponsored,LOUD (classic): SOL to token
11,0,sell,2080,EJZJpNa4tDZ3kYdcRZgaAtaKm3fLJ5akmyPkCaKmfWvd,SOL,sponsored,LOUD (classic): token to SOL
12,0,sell,0.005,SOL,A7bdiYdS5GjqGFtxf17ppRHtDKPkkRqbKtR27dxvQXaS,sponsored,ZEC (classic): SOL to token
12,0,sell,0.000399,A7bdiYdS5GjqGFtxf17ppRHtDKPkkRqbKtR27dxvQXaS,SOL,sponsored,ZEC (classic): token to SOL
