# Token-2022 smoke test: one trader per extension the backend accepts, all sized at 0.02 SOL (~$2.37 on 5 Oct 2026).
# Each trader sells SOL for the token, then sells ~60% of it back. Only SELL orders: barn has no route for Token-2022 BUY
# (exact-out) orders today, so a short balance can't be topped up by the runner's BUY acquisition. Cleanup sells the rest.
# t11 probes the BUY gap (expected NoLiquidity); t12/t13 are negative checks: 0-bps transfer-fee stablecoins (expected UnsupportedToken).
# Fund with --sol-funding-per-trader 0.05.
trader,time,type,amount,token,other_token,mode,note
1,0,sell,0.02,SOL,CATE,sponsored,metadata only: SOL to token
1,1,sell,22.1,CATE,SOL,sponsored,metadata only: token to SOL
2,0,sell,0.02,SOL,USDu,sponsored,metadata only: SOL to token
2,1,sell,1.43,USDu,SOL,sponsored,metadata only: token to SOL
3,0,sell,0.02,SOL,ANSEM,self,metadata only: SOL to token
3,1,sell,9.3,ANSEM,SOL,self,metadata only: token to SOL
4,0,sell,0.02,SOL,jlUSDG,sponsored,metadata only: SOL to token
4,1,sell,1.33,jlUSDG,SOL,sponsored,metadata only: token to SOL
5,0,sell,0.02,SOL,sUSD.infra,sponsored,mint close authority: SOL to token
5,1,sell,1.43,sUSD.infra,SOL,sponsored,mint close authority: token to SOL
6,0,sell,0.02,SOL,ZARP,sponsored,mint close authority: SOL to token
6,1,sell,23.9,ZARP,SOL,sponsored,mint close authority: token to SOL
7,0,sell,0.02,SOL,SILV,sponsored,permanent delegate: SOL to token
7,1,sell,0.497,SILV,SOL,sponsored,permanent delegate: token to SOL
8,0,sell,0.02,SOL,sUSDu,sponsored,permanent delegate: SOL to token
8,1,sell,1.23,sUSDu,SOL,sponsored,permanent delegate: token to SOL
9,0,sell,0.02,SOL,USDM1,sponsored,interest-bearing: SOL to token
9,1,sell,1.4,USDM1,SOL,sponsored,interest-bearing: token to SOL
10,0,sell,0.02,SOL,USDu,sponsored,Token-2022 to Token-2022 setup
10,1,sell,1.43,USDu,CATE,sponsored,Token-2022 to Token-2022: USDu to CATE
11,0,buy,29.5,CATE,SOL,sponsored,probe: BUY (exact-out) Token-2022 - NoLiquidity today
12,0,sell,0.01,SOL,PYUSD,sponsored,negative: 0-bps transfer fee + hook - expected UnsupportedToken
13,0,sell,0.01,SOL,USDG,sponsored,negative: 0-bps transfer fee + hook - expected UnsupportedToken
