# Token-2022 smoke test. Metadata only (metadata pointer + token metadata): CATE, USDu, ANSEM (self-paid), jlUSDG.
# The most common accepted Token-2022 shape (pump-style tokens).
# Sell orders only (no exact-out route for Token-2022 today): sell 0.02 SOL for the token, then sell ~60% back.
# Fund with --sol-funding-per-trader 0.05. Sized on 5 Oct 2026 (SOL ≈ $118.6).
trader,time,type,amount,token,other_token,mode,note
1,0,sell,0.02,SOL,CATE,sponsored,metadata only: SOL to token
1,1,sell,22.1,CATE,SOL,sponsored,metadata only: token to SOL
2,0,sell,0.02,SOL,USDu,sponsored,metadata only: SOL to token
2,1,sell,1.43,USDu,SOL,sponsored,metadata only: token to SOL
3,0,sell,0.02,SOL,ANSEM,self,metadata only: SOL to token
3,1,sell,9.3,ANSEM,SOL,self,metadata only: token to SOL
4,0,sell,0.02,SOL,jlUSDG,sponsored,metadata only: SOL to token
4,1,sell,1.33,jlUSDG,SOL,sponsored,metadata only: token to SOL
