# Thin but Jupiter-routed: 18 tokens with < $50k liquidity and >= $5M Jupiter-routed volume in 30 days (universe of 2026-10-07) (../token-universe/experiments/thin-jupiter.json), classified on staging on 2026-10-09.
# Token criteria: liquidity < $50k (below the sequence's floor) but >= $5M of Jupiter-routed volume over 30 days; ranked by it.
# 9 tradable tokens (6 Token-2022): sell 0.005 SOL into each, then 90% of the quote back. 9 traders, ~1 tokens each, back to back.
# Plus 9 tokens expected to fail at the quote (9 rejected by the backend, 0 without a route): one SOL to token row each, kept in so the report shows what isn't supported.
# Fund with --sol-funding-per-trader 0.05.
# Regenerate: pnpm sim generate-token-list-session --list ../token-universe/experiments/thin-jupiter.json -o ../scenarios/experiments/thin-jupiter --include-failing
trader,time,type,amount,token,other_token,mode,note
1,0,sell,0.005,SOL,EKtmPPLaCbEEKiwoHHtV7TsRsmPXs5CMGtQtZFSiinsc,sponsored,Stamp (token-2022): SOL to token
1,0,sell,1710,EKtmPPLaCbEEKiwoHHtV7TsRsmPXs5CMGtQtZFSiinsc,SOL,sponsored,Stamp (token-2022): token to SOL
2,0,sell,0.005,SOL,NeonTjSjsuo3rexg9o6vHuMXw62f9V7zvmu8M8Zut44,sponsored,NEON (classic): SOL to token
2,0,sell,33.5,NeonTjSjsuo3rexg9o6vHuMXw62f9V7zvmu8M8Zut44,SOL,sponsored,NEON (classic): token to SOL
3,0,sell,0.005,SOL,GAwhcphCqCv5bKHmCiN4VDdNWfbXJL4npmkc8L3Q9S9H,sponsored,www (token-2022): SOL to token
3,0,sell,4640,GAwhcphCqCv5bKHmCiN4VDdNWfbXJL4npmkc8L3Q9S9H,SOL,sponsored,www (token-2022): token to SOL
4,0,sell,0.005,SOL,AqoPZcUumKUBHrnfBsNtoNuneYEjoimaiWYq8GH8gpX9,sponsored,STONK10 (token-2022): SOL to token
4,0,sell,4120,AqoPZcUumKUBHrnfBsNtoNuneYEjoimaiWYq8GH8gpX9,SOL,sponsored,STONK10 (token-2022): token to SOL
5,0,sell,0.005,SOL,AyYNfPtftg2zDP4ZbgcoQMggQtwLh4zpfVVmUJs2thto,sponsored,Tilcayo (token-2022): SOL to token
5,0,sell,1690,AyYNfPtftg2zDP4ZbgcoQMggQtwLh4zpfVVmUJs2thto,SOL,sponsored,Tilcayo (token-2022): token to SOL
6,0,sell,0.005,SOL,241aTYhVXZ4WBVSFpfY37RqoCGBQ73KiRFAKvTtnmoon,sponsored,MCAT (classic): SOL to token
6,0,sell,15400,241aTYhVXZ4WBVSFpfY37RqoCGBQ73KiRFAKvTtnmoon,SOL,sponsored,MCAT (classic): token to SOL
7,0,sell,0.005,SOL,nDZknLvfFRp5rgUHdzTrQsmSY5NKzoavqdLjSHVpump,sponsored,COLLECT (token-2022): SOL to token
7,0,sell,17700,nDZknLvfFRp5rgUHdzTrQsmSY5NKzoavqdLjSHVpump,SOL,sponsored,COLLECT (token-2022): token to SOL
8,0,sell,0.005,SOL,91ryaCo5yGpYZM3bs6GUPs97VWJQj7RozBmqPULgpump,sponsored,TIGRINO (token-2022): SOL to token
8,0,sell,13900,91ryaCo5yGpYZM3bs6GUPs97VWJQj7RozBmqPULgpump,SOL,sponsored,TIGRINO (token-2022): token to SOL
9,0,sell,0.005,SOL,2AVjqmGbMqg7rSyHVv2deVdggsBgBtu1Bi69BUvE5WRv,sponsored,SPEC (classic): SOL to token
9,0,sell,3950,2AVjqmGbMqg7rSyHVv2deVdggsBgBtu1Bi69BUvE5WRv,SOL,sponsored,SPEC (classic): token to SOL
1,0,sell,0.005,SOL,7tFbGa9wt4Q4yxNAdaDcTKahv4WPrJtXh6ty7gjWyKx3,sponsored,JubJub: expected UnsupportedToken (Token-2022 transfer fee)
2,0,sell,0.005,SOL,JE3HT7SbCgXDQWV6xp3oiiAisDzq4HyZ8wyEVBDCs45Z,sponsored,PENIS: expected UnsupportedToken (Token-2022 transfer fee)
3,0,sell,0.005,SOL,3nqHijNUExsnjNBb15WJsJ2xisyMVGN6FK4aUgZk1Rwj,sponsored,TACZ: expected UnsupportedToken (Token-2022 transfer fee)
4,0,sell,0.005,SOL,HunmXDXMNQYVoDnUL6PNnSYEtFaTZA2WzGh1HJTW7aoV,sponsored,LOOP: expected UnsupportedToken (Token-2022 transfer fee)
5,0,sell,0.005,SOL,6JrR1iqPdinYTNvNPWTR2P7e2wSJ1rwdsrKGyhnzjUVr,sponsored,wifout: expected UnsupportedToken (Token-2022 transfer fee)
6,0,sell,0.005,SOL,Gt9brNVXP7gdGtUqZLcJAhbZTjLEcKrA53F18fRSEeAp,sponsored,ㅤ: expected UnsupportedToken (Token-2022 transfer fee)
7,0,sell,0.005,SOL,BLLieANeMifThH5gBeKRaNixYJPkf7fuM13VZfJ5STNK,sponsored,XBT: expected UnsupportedToken (Token-2022 transfer fee)
8,0,sell,0.005,SOL,7LxC96Ag4DnBotK6bMMUj4kdneAo1kdV1xHnzVF5s7W2,sponsored,ROCK: expected UnsupportedToken (Token-2022 transfer fee)
9,0,sell,0.005,SOL,2pouN3by7twkiZGy5aEKYUpf78ALDpKRTNu2WsQkpkqt,sponsored,BUTT: expected UnsupportedToken (Token-2022 transfer fee)
